ImageID,Label
1,8
2,1
3,9
4,9
5,8
6,6
7,2
8,2
9,7
10,1
11,6
12,3
13,1
14,2
15,7
16,4
17,3
18,3
19,6
20,4
21,0
22,5
23,2
24,6
25,0
26,0
27,0
28,8
29,6
30,3
31,6
32,6
33,1
34,2
35,8
36,6
37,7
38,3
39,6
40,1
41,9
42,7
43,9
44,6
45,8
46,3
47,4
48,2
49,7
50,8
51,4
52,3
53,3
54,7
55,1
56,2
57,6
58,2
59,9
60,6
61,4
62,0
63,4
64,8
65,5
66,5
67,4
68,3
69,9
70,3
71,9
72,4
73,2
74,8
75,1
76,6
77,3
78,7
79,0
80,3
81,1
82,7
83,6
84,7
85,6
86,1
87,9
88,5
89,3
90,6
91,9
92,3
93,7
94,6
95,6
96,5
97,2
98,9
99,5
100,5
101,4
102,6
103,0
104,4
105,1
106,1
107,1
108,6
109,8
110,9
111,1
112,1
113,4
114,7
115,1
116,0
117,3
118,6
119,9
120,8
121,1
122,3
123,7
124,3
125,9
126,6
127,5
128,7
129,1
130,0
131,6
132,5
133,6
134,4
135,2
136,0
137,9
138,9
139,9
140,4
141,2
142,3
143,6
144,4
145,0
146,9
147,9
148,1
149,7
150,7
151,1
152,6
153,8
154,1
155,7
156,6
157,6
158,5
159,7
160,9
161,9
162,0
163,7
164,9
165,9
166,1
167,3
168,6
169,5
170,8
171,7
172,1
173,6
174,7
175,0
176,9
177,3
178,0
179,8
180,6
181,0
182,1
183,9
184,9
185,2
186,3
187,7
188,2
189,6
190,6
191,4
192,8
193,8
194,6
195,0
196,7
197,4
198,5
199,5
200,6
201,3
202,1
203,5
204,3
205,7
206,9
207,9
208,0
209,7
210,4
211,7
212,5
213,1
214,1
215,0
216,2
217,5
218,3
219,8
220,1
221,3
222,9
223,3
224,6
225,7
226,3
227,1
228,3
229,4
230,4
231,0
232,2
233,7
234,1
235,4
236,8
237,1
238,0
239,5
240,3
241,9
242,8
243,7
244,6
245,5
246,1
247,0
248,5
249,7
250,9
251,7
252,1
253,7
254,7
255,4
256,0
257,2
258,3
259,4
260,5
261,2
262,6
263,4
264,1
265,8
266,8
267,5
268,5
269,5
270,2
271,8
272,6
273,6
274,6
275,1
276,0
277,6
278,3
279,1
280,9
281,9
282,0
283,8
284,3
285,9
286,7
287,7
288,2
289,8
290,1
291,8
292,2
293,6
294,1
295,5
296,1
297,0
298,0
299,5
300,2
301,5
302,6
303,9
304,6
305,7
306,1
307,1
308,3
309,7
310,3
311,2
312,5
313,1
314,8
315,3
316,1
317,2
318,1
319,2
320,9
321,7
322,2
323,7
324,8
325,2
326,7
327,0
328,3
329,9
330,4
331,0
332,1
333,6
334,9
335,2
336,6
337,2
338,3
339,3
340,0
341,3
342,3
343,0
344,3
345,0
346,0
347,6
348,8
349,2
350,4
351,7
352,1
353,8
354,7
355,0
356,5
357,6
358,1
359,5
360,7
361,3
362,9
363,9
364,3
365,5
366,3
367,8
368,4
369,2
370,1
371,0
372,7
373,7
374,4
375,0
376,2
377,0
378,7
379,0
380,8
381,7
382,0
383,0
384,4
385,8
386,8
387,7
388,2
389,1
390,7
391,0
392,7
393,6
394,1
395,4
396,9
397,6
398,2
399,1
400,2
401,4
402,6
403,1
404,1
405,6
406,6
407,0
408,2
409,2
410,9
411,3
412,1
413,8
414,4
415,1
416,2
417,3
418,9
419,7
420,4
421,1
422,6
423,0
424,9
425,0
426,3
427,2
428,3
429,0
430,7
431,9
432,8
433,6
434,8
435,4
436,1
437,4
438,5
439,8
440,4
441,0
442,9
443,6
444,6
445,3
446,7
447,3
448,7
449,4
450,5
451,5
452,3
453,1
454,8
455,7
456,7
457,4
458,8
459,4
460,8
461,6
462,3
463,6
464,0
465,6
466,8
467,8
468,8
469,4
470,0
471,0
472,7
473,8
474,9
475,6
476,7
477,3
478,1
479,4
480,8
481,1
482,3
483,0
484,1
485,3
486,1
487,1
488,6
489,6
490,2
491,1
492,7
493,2
494,8
495,2
496,6
497,0
498,2
499,0
500,2
501,6
502,1
503,2
504,2
505,7
506,6
507,7
508,0
509,6
510,8
511,2
512,4
513,7
514,6
515,8
516,0
517,3
518,0
519,3
520,3
521,5
522,5
523,2
524,4
525,7
526,7
527,3
528,8
529,3
530,5
531,1
532,5
533,2
534,9
535,7
536,8
537,6
538,3
539,0
540,4
541,8
542,2
543,1
544,9
545,0
546,1
547,4
548,1
549,8
550,9
551,2
552,7
553,9
554,0
555,2
556,4
557,1
558,2
559,9
560,5
561,1
562,3
563,7
564,3
565,8
566,2
567,2
568,1
569,6
570,6
571,4
572,4
573,8
574,9
575,1
576,2
577,5
578,9
579,2
580,3
581,3
582,0
583,3
584,2
585,8
586,4
587,3
588,2
589,3
590,6
591,1
592,0
593,0
594,5
595,8
596,1
597,1
598,0
599,4
600,5
601,8
602,3
603,6
604,7
605,2
606,7
607,0
608,6
609,2
610,2
611,9
612,0
613,4
614,4
615,1
616,9
617,9
618,7
619,5
620,1
621,2
622,6
623,3
624,4
625,2
626,0
627,1
628,5
629,3
630,1
631,5
632,5
633,6
634,5
635,4
636,1
637,1
638,2
639,4
640,1
641,9
642,2
643,5
644,3
645,9
646,1
647,4
648,7
649,8
650,0
651,1
652,4
653,3
654,3
655,9
656,6
657,6
658,7
659,5
660,4
661,6
662,8
663,8
664,3
665,5
666,2
667,7
668,3
669,2
670,6
671,3
672,9
673,6
674,5
675,6
676,2
677,1
678,6
679,4
680,2
681,6
682,7
683,3
684,9
685,0
686,2
687,7
688,6
689,0
690,4
691,3
692,9
693,6
694,6
695,0
696,2
697,5
698,6
699,5
700,7
701,2
702,4
703,8
704,5
705,1
706,7
707,8
708,3
709,7
710,1
711,4
712,6
713,5
714,8
715,9
716,3
717,8
718,1
719,0
720,4
721,1
722,7
723,7
724,9
725,1
726,6
727,6
728,3
729,2
730,4
731,2
732,9
733,9
734,9
735,2
736,4
737,3
738,2
739,9
740,5
741,1
742,0
743,7
744,8
745,9
746,0
747,6
748,6
749,8
750,6
751,7
752,5
753,7
754,2
755,9
756,7
757,1
758,7
759,1
760,2
761,3
762,5
763,4
764,3
765,6
766,8
767,0
768,0
769,6
770,8
771,5
772,0
773,9
774,9
775,5
776,7
777,2
778,0
779,9
780,8
781,0
782,7
783,2
784,3
785,3
786,6
787,6
788,7
789,9
790,7
791,3
792,4
793,2
794,8
795,0
796,1
797,3
798,3
799,9
800,0
801,6
802,9
803,5
804,8
805,2
806,6
807,5
808,7
809,3
810,4
811,6
812,5
813,8
814,1
815,7
816,8
817,3
818,6
819,3
820,8
821,1
822,7
823,3
824,7
825,4
826,1
827,1
828,7
829,3
830,7
831,5
832,0
833,1
834,0
835,9
836,3
837,7
838,6
839,2
840,4
841,9
842,6
843,5
844,9
845,2
846,6
847,9
848,3
849,0
850,8
851,6
852,8
853,9
854,7
855,7
856,8
857,3
858,4
859,4
860,0
861,2
862,8
863,3
864,6
865,3
866,4
867,1
868,0
869,4
870,2
871,7
872,6
873,8
874,2
875,8
876,4
877,5
878,1
879,1
880,1
881,5
882,6
883,9
884,3
885,1
886,3
887,2
888,9
889,8
890,8
891,2
892,9
893,0
894,3
895,6
896,8
897,5
898,4
899,2
900,0
901,3
902,3
903,4
904,7
905,9
906,2
907,1
908,1
909,4
910,2
911,8
912,5
913,0
914,3
915,9
916,3
917,3
918,2
919,7
920,8
921,2
922,7
923,4
924,7
925,3
926,0
927,1
928,4
929,6
930,7
931,9
932,2
933,6
934,3
935,1
936,9
937,6
938,6
939,3
940,7
941,0
942,9
943,2
944,7
945,5
946,3
947,2
948,1
949,1
950,4
951,1
952,5
953,0
954,6
955,9
956,1
957,0
958,7
959,0
960,3
961,1
962,2
963,0
964,2
965,7
966,3
967,3
968,0
969,1
970,8
971,0
972,1
973,3
974,3
975,8
976,4
977,9
978,4
979,3
980,3
981,0
982,2
983,3
984,0
985,6
986,4
987,3
988,5
989,5
990,4
991,3
992,3
993,6
994,1
995,8
996,3
997,7
998,1
999,2
1000,6
1001,2
1002,6
1003,4
1004,8
1005,4
1006,7
1007,9
1008,9
1009,5
1010,7
1011,4
1012,2
1013,5
1014,9
1015,0
1016,2
1017,9
1018,7
1019,4
1020,5
1021,8
1022,9
1023,8
1024,3
1025,8
1026,4
1027,0
1028,9
1029,6
1030,2
1031,4
1032,8
1033,0
1034,8
1035,0
1036,0
1037,6
1038,1
1039,1
1040,8
1041,3
1042,9
1043,1
1044,3
1045,6
1046,7
1047,4
1048,8
1049,5
1050,7
1051,3
1052,1
1053,6
1054,5
1055,2
1056,9
1057,0
1058,3
1059,9
1060,8
1061,1
1062,2
1063,2
1064,9
1065,1
1066,5
1067,6
1068,4
1069,4
1070,1
1071,6
1072,1
1073,0
1074,8
1075,1
1076,7
1077,7
1078,1
1079,4
1080,9
1081,2
1082,7
1083,4
1084,0
1085,6
1086,9
1087,3
1088,2
1089,6
1090,7
1091,6
1092,0
1093,9
1094,1
1095,6
1096,4
1097,1
1098,9
1099,2
1100,0
1101,2
1102,2
1103,2
1104,8
1105,8
1106,5
1107,6
1108,2
1109,4
1110,9
1111,0
1112,8
1113,4
1114,9
1115,0
1116,4
1117,1
1118,0
1119,3
1120,2
1121,7
1122,4
1123,6
1124,3
1125,3
1126,0
1127,0
1128,9
1129,3
1130,3
1131,7
1132,5
1133,8
1134,2
1135,7
1136,1
1137,3
1138,7
1139,4
1140,3
1141,5
1142,6
1143,0
1144,4
1145,6
1146,9
1147,2
1148,7
1149,9
1150,6
1151,2
1152,8
1153,8
1154,4
1155,7
1156,2
1157,4
1158,7
1159,0
1160,1
1161,6
1162,3
1163,0
1164,3
1165,3
1166,0
1167,2
1168,3
1169,7
1170,1
1171,8
1172,6
1173,4
1174,0
1175,0
1176,4
1177,1
1178,6
1179,3
1180,3
1181,5
1182,1
1183,0
1184,8
1185,2
1186,2
1187,2
1188,2
1189,7
1190,2
1191,3
1192,0
1193,9
1194,7
1195,6
1196,9
1197,6
1198,5
1199,8
1200,9
1201,7
1202,2
1203,0
1204,1
1205,4
1206,6
1207,3
1208,5
1209,1
1210,0
1211,8
1212,2
1213,5
1214,9
1215,9
1216,0
1217,3
1218,3
1219,3
1220,7
1221,2
1222,7
1223,2
1224,2
1225,5
1226,1
1227,9
1228,7
1229,1
1230,9
1231,7
1232,7
1233,3
1234,0
1235,9
1236,7
1237,0
1238,8
1239,8
1240,3
1241,0
1242,4
1243,5
1244,8
1245,6
1246,1
1247,3
1248,6
1249,3
1250,9
1251,6
1252,8
1253,4
1254,3
1255,7
1256,2
1257,5
1258,0
1259,9
1260,5
1261,6
1262,4
1263,8
1264,2
1265,2
1266,3
1267,1
1268,4
1269,6
1270,0
1271,7
1272,3
1273,7
1274,3
1275,8
1276,2
1277,8
1278,7
1279,8
1280,5
1281,9
1282,2
1283,5
1284,4
1285,3
1286,3
1287,0
1288,7
1289,2
1290,9
1291,4
1292,0
1293,4
1294,5
1295,2
1296,4
1297,1
1298,8
1299,8
1300,4
1301,8
1302,6
1303,2
1304,8
1305,5
1306,0
1307,3
1308,6
1309,4
1310,2
1311,3
1312,4
1313,2
1314,8
1315,8
1316,2
1317,0
1318,1
1319,0
1320,8
1321,1
1322,1
1323,3
1324,9
1325,9
1326,6
1327,5
1328,1
1329,2
1330,7
1331,3
1332,2
1333,5
1334,1
1335,8
1336,1
1337,3
1338,3
1339,1
1340,0
1341,8
1342,2
1343,2
1344,1
1345,0
1346,0
1347,0
1348,0
1349,1
1350,9
1351,7
1352,0
1353,4
1354,3
1355,8
1356,8
1357,0
1358,2
1359,0
1360,7
1361,2
1362,4
1363,9
1364,6
1365,9
1366,4
1367,8
1368,5
1369,9
1370,9
1371,1
1372,4
1373,3
1374,3
1375,8
1376,5
1377,8
1378,3
1379,0
1380,0
1381,7
1382,9
1383,8
1384,7
1385,7
1386,5
1387,7
1388,7
1389,9
1390,4
1391,3
1392,3
1393,0
1394,3
1395,8
1396,0
1397,2
1398,9
1399,3
1400,5
1401,0
1402,6
1403,3
1404,3
1405,1
1406,5
1407,9
1408,1
1409,4
1410,3
1411,5
1412,3
1413,9
1414,7
1415,8
1416,2
1417,0
1418,6
1419,0
1420,1
1421,2
1422,0
1423,0
1424,5
1425,2
1426,3
1427,3
1428,0
1429,1
1430,4
1431,1
1432,9
1433,4
1434,7
1435,7
1436,9
1437,2
1438,6
1439,7
1440,7
1441,7
1442,4
1443,2
1444,9
1445,8
1446,1
1447,9
1448,6
1449,7
1450,1
1451,5
1452,4
1453,1
1454,7
1455,6
1456,5
1457,6
1458,7
1459,6
1460,1
1461,2
1462,8
1463,2
1464,7
1465,7
1466,0
1467,7
1468,7
1469,6
1470,4
1471,5
1472,0
1473,5
1474,8
1475,5
1476,9
1477,1
1478,5
1479,8
1480,1
1481,1
1482,9
1483,2
1484,3
1485,2
1486,7
1487,7
1488,5
1489,8
1490,6
1491,3
1492,8
1493,3
1494,3
1495,8
1496,4
1497,1
1498,2
1499,1
1500,2
1501,8
1502,8
1503,2
1504,7
1505,0
1506,9
1507,2
1508,2
1509,8
1510,4
1511,5
1512,7
1513,7
1514,9
1515,7
1516,2
1517,5
1518,3
1519,7
1520,2
1521,0
1522,7
1523,5
1524,8
1525,4
1526,7
1527,9
1528,0
1529,4
1530,6
1531,9
1532,3
1533,9
1534,0
1535,6
1536,0
1537,7
1538,9
1539,8
1540,2
1541,2
1542,2
1543,3
1544,8
1545,7
1546,8
1547,8
1548,6
1549,5
1550,8
1551,8
1552,7
1553,6
1554,7
1555,8
1556,0
1557,2
1558,4
1559,6
1560,4
1561,9
1562,0
1563,1
1564,3
1565,0
1566,7
1567,9
1568,3
1569,1
1570,8
1571,1
1572,5
1573,5
1574,7
1575,4
1576,5
1577,1
1578,6
1579,5
1580,1
1581,5
1582,7
1583,6
1584,9
1585,8
1586,8
1587,7
1588,3
1589,4
1590,2
1591,7
1592,8
1593,0
1594,7
1595,7
1596,0
1597,6
1598,4
1599,9
1600,0
1601,5
1602,7
1603,0
1604,2
1605,2
1606,4
1607,2
1608,0
1609,6
1610,3
1611,1
1612,3
1613,4
1614,5
1615,6
1616,3
1617,8
1618,8
1619,3
1620,5
1621,1
1622,8
1623,6
1624,5
1625,4
1626,7
1627,1
1628,1
1629,2
1630,4
1631,3
1632,9
1633,2
1634,2
1635,6
1636,8
1637,4
1638,1
1639,4
1640,9
1641,9
1642,0
1643,4
1644,4
1645,1
1646,3
1647,5
1648,2
1649,9
1650,1
1651,0
1652,4
1653,0
1654,2
1655,5
1656,2
1657,3
1658,8
1659,3
1660,0
1661,1
1662,8
1663,0
1664,0
1665,3
1666,4
1667,8
1668,1
1669,7
1670,1
1671,4
1672,1
1673,0
1674,2
1675,7
1676,7
1677,2
1678,1
1679,3
1680,4
1681,1
1682,0
1683,4
1684,7
1685,0
1686,8
1687,7
1688,2
1689,3
1690,2
1691,8
1692,6
1693,5
1694,3
1695,8
1696,9
1697,5
1698,5
1699,9
1700,6
1701,3
1702,2
1703,7
1704,2
1705,3
1706,4
1707,1
1708,6
1709,4
1710,9
1711,9
1712,9
1713,8
1714,1
1715,5
1716,0
1717,9
1718,9
1719,2
1720,2
1721,9
1722,0
1723,4
1724,7
1725,4
1726,4
1727,1
1728,3
1729,6
1730,5
1731,6
1732,9
1733,2
1734,9
1735,7
1736,3
1737,0
1738,6
1739,7
1740,7
1741,5
1742,6
1743,1
1744,9
1745,7
1746,5
1747,6
1748,1
1749,4
1750,0
1751,7
1752,2
1753,3
1754,1
1755,4
1756,9
1757,4
1758,1
1759,8
1760,2
1761,5
1762,4
1763,5
1764,8
1765,2
1766,6
1767,4
1768,4
1769,1
1770,1
1771,8
1772,2
1773,6
1774,3
1775,4
1776,2
1777,4
1778,3
1779,5
1780,5
1781,0
1782,6
1783,8
1784,9
1785,1
1786,1
1787,2
1788,2
1789,4
1790,3
1791,4
1792,8
1793,3
1794,7
1795,0
1796,6
1797,4
1798,3
1799,5
1800,0
1801,5
1802,2
1803,4
1804,7
1805,0
1806,3
1807,5
1808,6
1809,3
1810,4
1811,9
1812,0
1813,5
1814,3
1815,4
1816,6
1817,9
1818,6
1819,9
1820,0
1821,5
1822,0
1823,5
1824,2
1825,3
1826,5
1827,6
1828,1
1829,5
1830,1
1831,3
1832,2
1833,0
1834,8
1835,6
1836,5
1837,2
1838,1
1839,7
1840,2
1841,3
1842,8
1843,3
1844,1
1845,2
1846,1
1847,8
1848,9
1849,6
1850,0
1851,1
1852,5
1853,0
1854,8
1855,2
1856,4
1857,8
1858,4
1859,9
1860,8
1861,9
1862,7
1863,8
1864,2
1865,9
1866,6
1867,8
1868,3
1869,0
1870,4
1871,3
1872,0
1873,1
1874,4
1875,1
1876,3
1877,2
1878,7
1879,9
1880,4
1881,3
1882,4
1883,4
1884,2
1885,9
1886,3
1887,3
1888,2
1889,5
1890,7
1891,0
1892,1
1893,8
1894,5
1895,3
1896,5
1897,2
1898,1
1899,3
1900,7
1901,8
1902,0
1903,1
1904,1
1905,7
1906,5
1907,4
1908,4
1909,8
1910,9
1911,5
1912,7
1913,4
1914,8
1915,3
1916,4
1917,3
1918,8
1919,7
1920,1
1921,3
1922,1
1923,6
1924,2
1925,8
1926,9
1927,5
1928,2
1929,7
1930,4
1931,6
1932,1
1933,4
1934,3
1935,0
1936,7
1937,0
1938,6
1939,0
1940,8
1941,1
1942,1
1943,9
1944,1
1945,9
1946,5
1947,8
1948,3
1949,4
1950,3
1951,0
1952,6
1953,0
1954,9
1955,8
1956,4
1957,8
1958,8
1959,3
1960,4
1961,0
1962,7
1963,0
1964,9
1965,2
1966,5
1967,2
1968,4
1969,4
1970,0
1971,0
1972,5
1973,7
1974,0
1975,2
1976,1
1977,0
1978,9
1979,9
1980,9
1981,8
1982,5
1983,5
1984,2
1985,2
1986,8
1987,0
1988,8
1989,6
1990,0
1991,3
1992,9
1993,6
1994,3
1995,4
1996,5
1997,2
1998,1
1999,1
2000,1
2001,7
2002,9
2003,9
2004,3
2005,4
2006,7
2007,8
2008,1
2009,0
2010,2
2011,7
2012,3
2013,2
2014,7
2015,0
2016,8
2017,1
2018,1
2019,1
2020,2
2021,0
2022,1
2023,2
2024,3
2025,3
2026,7
2027,3
2028,0
2029,1
2030,4
2031,2
2032,4
2033,8
2034,7
2035,2
2036,6
2037,4
2038,3
2039,0
2040,3
2041,0
2042,7
2043,3
2044,2
2045,4
2046,7
2047,7
2048,6
2049,3
2050,5
2051,3
2052,4
2053,8
2054,1
2055,0
2056,1
2057,6
2058,8
2059,9
2060,3
2061,7
2062,9
2063,4
2064,9
2065,9
2066,3
2067,2
2068,2
2069,7
2070,8
2071,3
2072,3
2073,8
2074,8
2075,1
2076,1
2077,3
2078,4
2079,0
2080,7
2081,7
2082,4
2083,1
2084,6
2085,5
2086,7
2087,8
2088,4
2089,4
2090,5
2091,4
2092,7
2093,4
2094,7
2095,8
2096,7
2097,1
2098,9
2099,5
2100,4
2101,3
2102,3
2103,9
2104,3
2105,8
2106,7
2107,8
2108,8
2109,2
2110,2
2111,7
2112,6
2113,7
2114,8
2115,8
2116,7
2117,0
2118,7
2119,3
2120,1
2121,4
2122,9
2123,1
2124,1
2125,8
2126,2
2127,4
2128,1
2129,3
2130,3
2131,9
2132,3
2133,5
2134,7
2135,5
2136,1
2137,7
2138,9
2139,8
2140,0
2141,6
2142,1
2143,4
2144,4
2145,6
2146,3
2147,7
2148,6
2149,2
2150,4
2151,8
2152,0
2153,4
2154,2
2155,6
2156,8
2157,2
2158,1
2159,7
2160,7
2161,4
2162,4
2163,6
2164,2
2165,4
2166,6
2167,1
2168,2
2169,3
2170,9
2171,0
2172,3
2173,6
2174,5
2175,5
2176,6
2177,2
2178,9
2179,3
2180,5
2181,7
2182,8
2183,9
2184,9
2185,5
2186,5
2187,6
2188,3
2189,1
2190,0
2191,9
2192,3
2193,0
2194,4
2195,8
2196,1
2197,3
2198,9
2199,1
2200,3
2201,0
2202,8
2203,6
2204,3
2205,2
2206,3
2207,6
2208,3
2209,0
2210,0
2211,4
2212,6
2213,3
2214,1
2215,7
2216,4
2217,7
2218,6
2219,6
2220,9
2221,3
2222,8
2223,6
2224,8
2225,3
2226,4
2227,1
2228,8
2229,8
2230,3
2231,4
2232,8
2233,3
2234,3
2235,9
2236,9
2237,2
2238,5
2239,6
2240,8
2241,6
2242,7
2243,1
2244,4
2245,9
2246,0
2247,6
2248,6
2249,9
2250,6
2251,5
2252,7
2253,6
2254,8
2255,3
2256,2
2257,4
2258,2
2259,0
2260,1
2261,9
2262,4
2263,6
2264,3
2265,1
2266,2
2267,2
2268,0
2269,0
2270,5
2271,4
2272,3
2273,2
2274,7
2275,9
2276,8
2277,0
2278,9
2279,3
2280,7
2281,4
2282,4
2283,6
2284,1
2285,7
2286,9
2287,2
2288,2
2289,6
2290,5
2291,8
2292,9
2293,7
2294,6
2295,1
2296,4
2297,9
2298,7
2299,2
2300,0
2301,8
2302,7
2303,5
2304,9
2305,5
2306,1
2307,3
2308,0
2309,8
2310,0
2311,3
2312,3
2313,4
2314,5
2315,6
2316,1
2317,5
2318,1
2319,8
2320,1
2321,4
2322,5
2323,1
2324,9
2325,7
2326,5
2327,0
2328,9
2329,6
2330,1
2331,6
2332,8
2333,6
2334,9
2335,0
2336,8
2337,4
2338,1
2339,1
2340,5
2341,9
2342,1
2343,6
2344,0
2345,3
2346,6
2347,3
2348,0
2349,8
2350,2
2351,2
2352,2
2353,7
2354,9
2355,3
2356,4
2357,4
2358,8
2359,6
2360,8
2361,5
2362,0
2363,7
2364,1
2365,8
2366,9
2367,2
2368,1
2369,6
2370,1
2371,7
2372,6
2373,7
2374,2
2375,9
2376,9
2377,8
2378,8
2379,1
2380,2
2381,4
2382,3
2383,0
2384,4
2385,4
2386,3
2387,5
2388,4
2389,7
2390,3
2391,0
2392,9
2393,2
2394,0
2395,8
2396,7
2397,0
2398,8
2399,1
2400,8
2401,4
2402,9
2403,7
2404,5
2405,7
2406,3
2407,6
2408,0
2409,6
2410,0
2411,7
2412,9
2413,3
2414,5
2415,4
2416,4
2417,3
2418,6
2419,9
2420,6
2421,0
2422,4
2423,3
2424,8
2425,0
2426,3
2427,0
2428,1
2429,5
2430,1
2431,3
2432,9
2433,1
2434,7
2435,2
2436,6
2437,7
2438,2
2439,0
2440,6
2441,8
2442,5
2443,6
2444,1
2445,3
2446,3
2447,4
2448,1
2449,3
2450,6
2451,9
2452,9
2453,4
2454,8
2455,6
2456,9
2457,3
2458,0
2459,5
2460,2
2461,2
2462,2
2463,3
2464,9
2465,7
2466,9
2467,9
2468,0
2469,0
2470,0
2471,0
2472,1
2473,1
2474,5
2475,1
2476,3
2477,0
2478,6
2479,4
2480,2
2481,3
2482,4
2483,0
2484,5
2485,4
2486,6
2487,7
2488,0
2489,1
2490,4
2491,4
2492,9
2493,7
2494,5
2495,5
2496,3
2497,3
2498,8
2499,1
2500,6
2501,4
2502,6
2503,1
2504,2
2505,5
2506,0
2507,6
2508,3
2509,8
2510,3
2511,8
2512,2
2513,9
2514,2
2515,7
2516,9
2517,0
2518,2
2519,7
2520,1
2521,2
2522,9
2523,9
2524,5
2525,4
2526,5
2527,9
2528,5
2529,0
2530,8
2531,0
2532,9
2533,3
2534,6
2535,2
2536,0
2537,6
2538,3
2539,6
2540,3
2541,9
2542,1
2543,3
2544,0
2545,5
2546,1
2547,9
2548,5
2549,4
2550,6
2551,3
2552,8
2553,5
2554,6
2555,2
2556,8
2557,5
2558,0
2559,2
2560,0
2561,8
2562,4
2563,4
2564,0
2565,7
2566,5
2567,5
2568,5
2569,6
2570,4
2571,9
2572,2
2573,5
2574,5
2575,2
2576,0
2577,0
2578,7
2579,0
2580,5
2581,1
2582,7
2583,9
2584,6
2585,6
2586,3
2587,4
2588,8
2589,7
2590,2
2591,4
2592,1
2593,2
2594,4
2595,6
2596,1
2597,7
2598,8
2599,0
2600,8
2601,3
2602,3
2603,3
2604,2
2605,9
2606,1
2607,4
2608,9
2609,6
2610,5
2611,7
2612,9
2613,9
2614,5
2615,2
2616,4
2617,6
2618,3
2619,1
2620,3
2621,5
2622,2
2623,6
2624,0
2625,9
2626,7
2627,4
2628,0
2629,4
2630,4
2631,1
2632,9
2633,8
2634,3
2635,4
2636,6
2637,1
2638,4
2639,1
2640,6
2641,6
2642,3
2643,4
2644,9
2645,0
2646,4
2647,1
2648,8
2649,1
2650,1
2651,8
2652,2
2653,4
2654,7
2655,3
2656,8
2657,0
2658,4
2659,1
2660,4
2661,0
2662,6
2663,7
2664,3
2665,1
2666,5
2667,5
2668,7
2669,3
2670,0
2671,7
2672,0
2673,1
2674,3
2675,6
2676,1
2677,1
2678,2
2679,5
2680,1
2681,4
2682,5
2683,2
2684,6
2685,8
2686,1
2687,2
2688,7
2689,3
2690,6
2691,7
2692,9
2693,5
2694,3
2695,6
2696,6
2697,9
2698,6
2699,0
2700,7
2701,2
2702,3
2703,3
2704,5
2705,0
2706,5
2707,4
2708,8
2709,5
2710,5
2711,3
2712,8
2713,4
2714,2
2715,1
2716,7
2717,9
2718,8
2719,3
2720,3
2721,0
2722,5
2723,8
2724,2
2725,2
2726,2
2727,9
2728,1
2729,7
2730,0
2731,2
2732,5
2733,9
2734,1
2735,4
2736,2
2737,6
2738,9
2739,8
2740,5
2741,4
2742,2
2743,8
2744,6
2745,8
2746,6
2747,2
2748,2
2749,7
2750,6
2751,6
2752,2
2753,2
2754,2
2755,3
2756,0
2757,8
2758,8
2759,3
2760,3
2761,5
2762,5
2763,9
2764,5
2765,2
2766,9
2767,2
2768,0
2769,2
2770,3
2771,8
2772,0
2773,1
2774,1
2775,9
2776,8
2777,9
2778,7
2779,3
2780,6
2781,0
2782,2
2783,8
2784,0
2785,7
2786,9
2787,2
2788,9
2789,9
2790,4
2791,7
2792,0
2793,5
2794,1
2795,3
2796,2
2797,3
2798,3
2799,7
2800,5
2801,3
2802,7
2803,9
2804,7
2805,7
2806,2
2807,3
2808,1
2809,1
2810,3
2811,4
2812,0
2813,3
2814,0
2815,5
2816,9
2817,2
2818,0
2819,3
2820,2
2821,1
2822,1
2823,7
2824,7
2825,8
2826,1
2827,0
2828,1
2829,3
2830,9
2831,5
2832,7
2833,2
2834,7
2835,4
2836,1
2837,3
2838,1
2839,3
2840,0
2841,7
2842,3
2843,8
2844,8
2845,7
2846,4
2847,9
2848,2
2849,4
2850,0
2851,3
2852,7
2853,3
2854,0
2855,0
2856,7
2857,7
2858,9
2859,1
2860,0
2861,0
2862,9
2863,0
2864,1
2865,1
2866,1
2867,8
2868,2
2869,1
2870,1
2871,3
2872,4
2873,7
2874,4
2875,4
2876,3
2877,1
2878,3
2879,7
2880,9
2881,1
2882,6
2883,3
2884,6
2885,0
2886,2
2887,3
2888,5
2889,2
2890,6
2891,8
2892,1
2893,3
2894,5
2895,1
2896,2
2897,5
2898,6
2899,3
2900,7
2901,5
2902,4
2903,4
2904,0
2905,3
2906,9
2907,9
2908,0
2909,8
2910,9
2911,8
2912,2
2913,0
2914,3
2915,6
2916,3
2917,8
2918,3
2919,8
2920,5
2921,1
2922,1
2923,9
2924,4
2925,7
2926,5
2927,7
2928,3
2929,1
2930,2
2931,8
2932,2
2933,5
2934,1
2935,6
2936,5
2937,9
2938,7
2939,1
2940,1
2941,2
2942,8
2943,1
2944,8
2945,9
2946,0
2947,3
2948,5
2949,1
2950,7
2951,3
2952,1
2953,0
2954,4
2955,2
2956,5
2957,6
2958,9
2959,3
2960,5
2961,2
2962,9
2963,3
2964,3
2965,9
2966,0
2967,8
2968,1
2969,2
2970,4
2971,8
2972,1
2973,7
2974,9
2975,6
2976,5
2977,4
2978,2
2979,6
2980,3
2981,0
2982,2
2983,2
2984,4
2985,1
2986,4
2987,3
2988,7
2989,2
2990,7
2991,4
2992,3
2993,8
2994,1
2995,5
2996,2
2997,5
2998,8
2999,7
3000,7
3001,1
3002,9
3003,6
3004,4
3005,7
3006,1
3007,1
3008,3
3009,3
3010,0
3011,7
3012,2
3013,3
3014,3
3015,5
3016,7
3017,3
3018,5
3019,3
3020,1
3021,0
3022,8
3023,7
3024,3
3025,5
3026,4
3027,8
3028,9
3029,4
3030,3
3031,1
3032,0
3033,6
3034,8
3035,1
3036,0
3037,6
3038,7
3039,5
3040,8
3041,8
3042,1
3043,8
3044,8
3045,9
3046,3
3047,4
3048,1
3049,2
3050,9
3051,1
3052,7
3053,5
3054,7
3055,3
3056,9
3057,4
3058,4
3059,7
3060,8
3061,1
3062,3
3063,0
3064,3
3065,2
3066,5
3067,1
3068,3
3069,9
3070,5
3071,7
3072,9
3073,4
3074,4
3075,1
3076,4
3077,7
3078,6
3079,4
3080,5
3081,9
3082,1
3083,9
3084,4
3085,3
3086,8
3087,8
3088,5
3089,9
3090,0
3091,5
3092,0
3093,8
3094,1
3095,0
3096,2
3097,8
3098,0
3099,7
3100,4
3101,8
3102,3
3103,8
3104,3
3105,2
3106,3
3107,0
3108,5
3109,5
3110,2
3111,2
3112,3
3113,4
3114,1
3115,7
3116,2
3117,8
3118,6
3119,8
3120,7
3121,6
3122,3
3123,0
3124,3
3125,7
3126,1
3127,1
3128,3
3129,2
3130,9
3131,3
3132,2
3133,6
3134,6
3135,4
3136,9
3137,8
3138,3
3139,2
3140,9
3141,8
3142,3
3143,7
3144,3
3145,7
3146,2
3147,0
3148,2
3149,9
3150,6
3151,2
3152,0
3153,0
3154,9
3155,1
3156,8
3157,9
3158,1
3159,5
3160,6
3161,4
3162,3
3163,8
3164,0
3165,2
3166,6
3167,9
3168,3
3169,3
3170,6
3171,0
3172,5
3173,5
3174,6
3175,9
3176,1
3177,3
3178,0
3179,3
3180,9
3181,1
3182,0
3183,8
3184,2
3185,4
3186,0
3187,1
3188,7
3189,7
3190,4
3191,7
3192,4
3193,6
3194,5
3195,0
3196,9
3197,4
3198,1
3199,5
3200,8
3201,0
3202,9
3203,3
3204,4
3205,0
3206,6
3207,7
3208,9
3209,5
3210,7
3211,8
3212,1
3213,3
3214,8
3215,9
3216,5
3217,2
3218,4
3219,2
3220,3
3221,1
3222,8
3223,0
3224,7
3225,4
3226,2
3227,3
3228,9
3229,8
3230,8
3231,2
3232,8
3233,1
3234,4
3235,0
3236,6
3237,4
3238,3
3239,3
3240,8
3241,4
3242,1
3243,9
3244,6
3245,2
3246,8
3247,9
3248,8
3249,8
3250,9
3251,3
3252,0
3253,1
3254,3
3255,3
3256,8
3257,1
3258,2
3259,4
3260,6
3261,2
3262,6
3263,6
3264,1
3265,7
3266,1
3267,9
3268,5
3269,1
3270,4
3271,0
3272,4
3273,2
3274,1
3275,1
3276,3
3277,0
3278,1
3279,0
3280,3
3281,1
3282,3
3283,7
3284,1
3285,7
3286,4
3287,3
3288,1
3289,3
3290,0
3291,5
3292,6
3293,8
3294,3
3295,5
3296,9
3297,2
3298,4
3299,0
3300,0
3301,1
3302,8
3303,1
3304,0
3305,4
3306,8
3307,1
3308,0
3309,2
3310,9
3311,5
3312,7
3313,2
3314,2
3315,8
3316,1
3317,1
3318,0
3319,2
3320,0
3321,3
3322,1
3323,6
3324,5
3325,3
3326,4
3327,9
3328,7
3329,9
3330,3
3331,0
3332,7
3333,5
3334,5
3335,0
3336,7
3337,5
3338,7
3339,8
3340,7
3341,2
3342,0
3343,2
3344,9
3345,5
3346,2
3347,0
3348,1
3349,9
3350,6
3351,2
3352,7
3353,3
3354,8
3355,4
3356,4
3357,3
3358,5
3359,9
3360,6
3361,8
3362,2
3363,1
3364,1
3365,3
3366,6
3367,6
3368,0
3369,6
3370,5
3371,1
3372,9
3373,3
3374,5
3375,5
3376,8
3377,7
3378,3
3379,0
3380,1
3381,8
3382,8
3383,9
3384,5
3385,5
3386,4
3387,0
3388,7
3389,8
3390,7
3391,3
3392,8
3393,5
3394,6
3395,7
3396,2
3397,4
3398,8
3399,0
3400,1
3401,3
3402,9
3403,4
3404,7
3405,2
3406,1
3407,9
3408,6
3409,2
3410,5
3411,8
3412,8
3413,7
3414,1
3415,9
3416,6
3417,4
3418,9
3419,1
3420,9
3421,0
3422,4
3423,7
3424,9
3425,8
3426,7
3427,7
3428,1
3429,3
3430,5
3431,0
3432,8
3433,0
3434,6
3435,6
3436,7
3437,5
3438,8
3439,2
3440,9
3441,4
3442,7
3443,6
3444,1
3445,9
3446,0
3447,5
3448,4
3449,6
3450,6
3451,1
3452,4
3453,6
3454,8
3455,0
3456,4
3457,5
3458,2
3459,0
3460,0
3461,5
3462,2
3463,3
3464,0
3465,7
3466,8
3467,7
3468,4
3469,0
3470,0
3471,2
3472,3
3473,0
3474,6
3475,7
3476,9
3477,7
3478,5
3479,6
3480,1
3481,8
3482,2
3483,5
3484,8
3485,0
3486,1
3487,3
3488,9
3489,1
3490,7
3491,3
3492,0
3493,5
3494,1
3495,5
3496,7
3497,0
3498,7
3499,1
3500,0
3501,4
3502,9
3503,0
3504,4
3505,8
3506,6
3507,0
3508,0
3509,1
3510,6
3511,2
3512,0
3513,8
3514,8
3515,5
3516,4
3517,2
3518,8
3519,9
3520,2
3521,7
3522,8
3523,9
3524,0
3525,8
3526,2
3527,1
3528,0
3529,4
3530,5
3531,1
3532,2
3533,8
3534,8
3535,4
3536,6
3537,8
3538,6
3539,8
3540,4
3541,9
3542,2
3543,2
3544,5
3545,3
3546,1
3547,4
3548,3
3549,9
3550,7
3551,2
3552,2
3553,4
3554,6
3555,6
3556,2
3557,4
3558,4
3559,9
3560,7
3561,4
3562,1
3563,4
3564,5
3565,4
3566,8
3567,2
3568,2
3569,9
3570,9
3571,7
3572,2
3573,8
3574,3
3575,6
3576,6
3577,4
3578,9
3579,9
3580,4
3581,6
3582,7
3583,0
3584,7
3585,9
3586,9
3587,4
3588,1
3589,6
3590,2
3591,9
3592,9
3593,8
3594,1
3595,7
3596,1
3597,0
3598,4
3599,0
3600,2
3601,6
3602,1
3603,7
3604,4
3605,7
3606,0
3607,6
3608,6
3609,1
3610,5
3611,9
3612,4
3613,9
3614,8
3615,3
3616,2
3617,5
3618,6
3619,9
3620,2
3621,3
3622,9
3623,4
3624,9
3625,7
3626,8
3627,0
3628,3
3629,0
3630,4
3631,9
3632,6
3633,9
3634,6
3635,8
3636,5
3637,6
3638,0
3639,0
3640,9
3641,1
3642,8
3643,3
3644,3
3645,0
3646,7
3647,7
3648,6
3649,8
3650,8
3651,7
3652,5
3653,9
3654,9
3655,8
3656,3
3657,2
3658,7
3659,5
3660,4
3661,1
3662,9
3663,6
3664,4
3665,4
3666,4
3667,9
3668,6
3669,9
3670,1
3671,4
3672,4
3673,2
3674,7
3675,2
3676,6
3677,4
3678,4
3679,1
3680,8
3681,7
3682,7
3683,4
3684,8
3685,4
3686,6
3687,4
3688,6
3689,0
3690,0
3691,6
3692,1
3693,2
3694,0
3695,4
3696,3
3697,4
3698,7
3699,7
3700,8
3701,6
3702,7
3703,7
3704,6
3705,7
3706,4
3707,8
3708,0
3709,6
3710,6
3711,6
3712,6
3713,6
3714,8
3715,8
3716,4
3717,2
3718,2
3719,1
3720,8
3721,6
3722,4
3723,2
3724,8
3725,9
3726,8
3727,5
3728,8
3729,2
3730,8
3731,6
3732,8
3733,1
3734,8
3735,3
3736,1
3737,2
3738,3
3739,7
3740,2
3741,9
3742,5
3743,6
3744,7
3745,4
3746,9
3747,9
3748,7
3749,1
3750,3
3751,3
3752,4
3753,6
3754,1
3755,9
3756,7
3757,4
3758,5
3759,1
3760,9
3761,6
3762,3
3763,4
3764,1
3765,9
3766,7
3767,1
3768,0
3769,7
3770,8
3771,3
3772,3
3773,7
3774,3
3775,3
3776,8
3777,4
3778,3
3779,8
3780,8
3781,8
3782,7
3783,3
3784,9
3785,6
3786,2
3787,3
3788,3
3789,3
3790,6
3791,5
3792,1
3793,1
3794,1
3795,3
3796,1
3797,4
3798,1
3799,7
3800,1
3801,8
3802,8
3803,9
3804,9
3805,9
3806,6
3807,3
3808,2
3809,2
3810,9
3811,2
3812,2
3813,5
3814,3
3815,7
3816,4
3817,6
3818,2
3819,7
3820,4
3821,2
3822,6
3823,6
3824,3
3825,5
3826,3
3827,6
3828,1
3829,7
3830,0
3831,3
3832,8
3833,7
3834,3
3835,2
3836,3
3837,6
3838,3
3839,4
3840,3
3841,6
3842,5
3843,7
3844,3
3845,3
3846,2
3847,5
3848,2
3849,8
3850,1
3851,7
3852,1
3853,2
3854,0
3855,5
3856,3
3857,0
3858,4
3859,0
3860,0
3861,0
3862,2
3863,1
3864,9
3865,0
3866,8
3867,4
3868,9
3869,3
3870,8
3871,9
3872,7
3873,0
3874,2
3875,8
3876,1
3877,1
3878,9
3879,2
3880,3
3881,5
3882,1
3883,4
3884,6
3885,1
3886,8
3887,4
3888,9
3889,1
3890,2
3891,5
3892,7
3893,4
3894,7
3895,7
3896,7
3897,8
3898,4
3899,8
3900,1
3901,3
3902,5
3903,1
3904,1
3905,6
3906,4
3907,4
3908,9
3909,0
3910,7
3911,3
3912,8
3913,0
3914,0
3915,3
3916,1
3917,3
3918,3
3919,6
3920,5
3921,3
3922,9
3923,2
3924,5
3925,2
3926,9
3927,7
3928,1
3929,9
3930,3
3931,2
3932,5
3933,2
3934,0
3935,7
3936,5
3937,4
3938,6
3939,8
3940,8
3941,6
3942,1
3943,0
3944,6
3945,5
3946,6
3947,9
3948,2
3949,1
3950,8
3951,7
3952,8
3953,1
3954,6
3955,9
3956,5
3957,1
3958,8
3959,7
3960,6
3961,7
3962,7
3963,9
3964,3
3965,3
3966,1
3967,7
3968,0
3969,3
3970,7
3971,5
3972,0
3973,1
3974,8
3975,9
3976,6
3977,4
3978,9
3979,8
3980,6
3981,1
3982,7
3983,0
3984,3
3985,0
3986,4
3987,2
3988,2
3989,8
3990,3
3991,7
3992,6
3993,5
3994,7
3995,4
3996,4
3997,9
3998,7
3999,0
4000,2
4001,7
4002,2
4003,1
4004,2
4005,5
4006,1
4007,8
4008,5
4009,8
4010,4
4011,2
4012,1
4013,1
4014,4
4015,1
4016,7
4017,8
4018,4
4019,5
4020,1
4021,9
4022,9
4023,9
4024,1
4025,7
4026,4
4027,9
4028,9
4029,7
4030,7
4031,6
4032,2
4033,0
4034,5
4035,8
4036,5
4037,8
4038,6
4039,0
4040,2
4041,3
4042,1
4043,0
4044,5
4045,1
4046,7
4047,0
4048,7
4049,9
4050,7
4051,1
4052,9
4053,4
4054,5
4055,7
4056,6
4057,5
4058,1
4059,9
4060,5
4061,1
4062,8
4063,2
4064,1
4065,3
4066,1
4067,7
4068,9
4069,3
4070,9
4071,2
4072,3
4073,5
4074,3
4075,0
4076,5
4077,9
4078,8
4079,0
4080,8
4081,6
4082,8
4083,4
4084,0
4085,0
4086,7
4087,3
4088,8
4089,8
4090,6
4091,9
4092,3
4093,5
4094,3
4095,8
4096,6
4097,1
4098,1
4099,2
4100,1
4101,8
4102,3
4103,0
4104,1
4105,7
4106,2
4107,6
4108,9
4109,1
4110,6
4111,6
4112,5
4113,9
4114,9
4115,6
4116,2
4117,1
4118,0
4119,0
4120,6
4121,2
4122,4
4123,8
4124,4
4125,5
4126,0
4127,4
4128,3
4129,6
4130,8
4131,4
4132,2
4133,2
4134,8
4135,7
4136,6
4137,0
4138,9
4139,1
4140,9
4141,9
4142,8
4143,4
4144,1
4145,9
4146,6
4147,7
4148,1
4149,9
4150,8
4151,1
4152,8
4153,5
4154,3
4155,3
4156,4
4157,4
4158,8
4159,7
4160,3
4161,3
4162,9
4163,0
4164,0
4165,0
4166,8
4167,6
4168,1
4169,7
4170,1
4171,5
4172,8
4173,1
4174,7
4175,1
4176,4
4177,7
4178,5
4179,3
4180,7
4181,4
4182,8
4183,6
4184,5
4185,0
4186,6
4187,6
4188,7
4189,8
4190,9
4191,8
4192,2
4193,1
4194,3
4195,5
4196,4
4197,2
4198,7
4199,7
4200,5
4201,8
4202,5
4203,6
4204,2
4205,2
4206,7
4207,6
4208,1
4209,4
4210,7
4211,6
4212,2
4213,0
4214,2
4215,3
4216,8
4217,5
4218,2
4219,7
4220,4
4221,7
4222,2
4223,3
4224,6
4225,1
4226,6
4227,3
4228,4
4229,3
4230,6
4231,6
4232,4
4233,0
4234,8
4235,1
4236,0
4237,0
4238,5
4239,2
4240,4
4241,5
4242,1
4243,5
4244,2
4245,7
4246,9
4247,6
4248,6
4249,4
4250,3
4251,8
4252,4
4253,3
4254,2
4255,7
4256,8
4257,6
4258,2
4259,8
4260,1
4261,7
4262,3
4263,1
4264,2
4265,4
4266,0
4267,1
4268,8
4269,8
4270,9
4271,2
4272,3
4273,3
4274,0
4275,8
4276,0
4277,6
4278,0
4279,2
4280,6
4281,0
4282,8
4283,4
4284,3
4285,2
4286,7
4287,7
4288,3
4289,7
4290,4
4291,9
4292,2
4293,0
4294,0
4295,6
4296,4
4297,2
4298,2
4299,6
4300,8
4301,0
4302,5
4303,1
4304,9
4305,4
4306,0
4307,7
4308,8
4309,4
4310,2
4311,4
4312,6
4313,3
4314,9
4315,7
4316,2
4317,5
4318,2
4319,9
4320,4
4321,5
4322,7
4323,7
4324,7
4325,4
4326,5
4327,5
4328,3
4329,9
4330,3
4331,9
4332,9
4333,7
4334,8
4335,8
4336,8
4337,5
4338,5
4339,5
4340,4
4341,3
4342,0
4343,7
4344,7
4345,6
4346,6
4347,3
4348,8
4349,5
4350,8
4351,5
4352,4
4353,6
4354,9
4355,1
4356,7
4357,2
4358,7
4359,3
4360,7
4361,3
4362,5
4363,6
4364,7
4365,8
4366,2
4367,8
4368,9
4369,0
4370,6
4371,2
4372,3
4373,6
4374,4
4375,5
4376,4
4377,2
4378,6
4379,4
4380,1
4381,4
4382,1
4383,2
4384,8
4385,4
4386,6
4387,4
4388,6
4389,1
4390,6
4391,1
4392,4
4393,3
4394,3
4395,8
4396,2
4397,5
4398,5
4399,0
4400,9
4401,1
4402,5
4403,8
4404,7
4405,1
4406,1
4407,0
4408,9
4409,3
4410,1
4411,7
4412,7
4413,6
4414,6
4415,8
4416,2
4417,7
4418,9
4419,7
4420,2
4421,5
4422,3
4423,5
4424,5
4425,8
4426,8
4427,9
4428,0
4429,9
4430,9
4431,6
4432,2
4433,7
4434,0
4435,2
4436,4
4437,3
4438,7
4439,5
4440,2
4441,7
4442,1
4443,9
4444,8
4445,8
4446,3
4447,2
4448,4
4449,7
4450,4
4451,1
4452,9
4453,4
4454,7
4455,7
4456,9
4457,4
4458,8
4459,0
4460,4
4461,3
4462,0
4463,7
4464,9
4465,2
4466,6
4467,4
4468,3
4469,1
4470,7
4471,8
4472,9
4473,5
4474,4
4475,2
4476,4
4477,2
4478,6
4479,0
4480,0
4481,7
4482,0
4483,2
4484,1
4485,8
4486,1
4487,3
4488,9
4489,8
4490,9
4491,2
4492,4
4493,3
4494,0
4495,9
4496,1
4497,7
4498,9
4499,7
4500,2
4501,8
4502,4
4503,4
4504,0
4505,5
4506,6
4507,6
4508,9
4509,6
4510,3
4511,1
4512,6
4513,0
4514,1
4515,6
4516,1
4517,8
4518,7
4519,0
4520,3
4521,7
4522,8
4523,2
4524,2
4525,6
4526,5
4527,1
4528,6
4529,3
4530,2
4531,2
4532,7
4533,4
4534,4
4535,4
4536,6
4537,9
4538,6
4539,1
4540,7
4541,7
4542,4
4543,0
4544,8
4545,2
4546,8
4547,2
4548,7
4549,9
4550,6
4551,2
4552,1
4553,4
4554,6
4555,1
4556,3
4557,1
4558,4
4559,9
4560,9
4561,0
4562,5
4563,3
4564,4
4565,1
4566,7
4567,3
4568,8
4569,5
4570,5
4571,4
4572,8
4573,0
4574,9
4575,6
4576,4
4577,7
4578,2
4579,4
4580,2
4581,4
4582,4
4583,4
4584,9
4585,8
4586,8
4587,0
4588,7
4589,3
4590,7
4591,3
4592,2
4593,3
4594,7
4595,7
4596,6
4597,9
4598,4
4599,5
4600,3
4601,8
4602,0
4603,4
4604,0
4605,6
4606,1
4607,6
4608,9
4609,7
4610,0
4611,3
4612,2
4613,4
4614,1
4615,3
4616,7
4617,9
4618,5
4619,8
4620,3
4621,8
4622,9
4623,5
4624,2
4625,9
4626,0
4627,0
4628,8
4629,9
4630,4
4631,6
4632,3
4633,8
4634,5
4635,3
4636,3
4637,2
4638,7
4639,0
4640,1
4641,8
4642,1
4643,0
4644,2
4645,8
4646,9
4647,7
4648,8
4649,3
4650,1
4651,1
4652,4
4653,7
4654,8
4655,2
4656,4
4657,1
4658,3
4659,9
4660,2
4661,7
4662,6
4663,6
4664,7
4665,7
4666,6
4667,5
4668,5
4669,2
4670,7
4671,3
4672,8
4673,6
4674,2
4675,7
4676,2
4677,8
4678,6
4679,6
4680,9
4681,6
4682,9
4683,8
4684,4
4685,6
4686,1
4687,3
4688,7
4689,8
4690,1
4691,4
4692,6
4693,3
4694,2
4695,1
4696,1
4697,0
4698,7
4699,9
4700,0
4701,9
4702,3
4703,2
4704,7
4705,3
4706,3
4707,0
4708,0
4709,8
4710,2
4711,9
4712,7
4713,4
4714,2
4715,6
4716,6
4717,4
4718,3
4719,9
4720,5
4721,6
4722,7
4723,8
4724,0
4725,8
4726,1
4727,5
4728,4
4729,9
4730,1
4731,3
4732,8
4733,9
4734,5
4735,6
4736,1
4737,1
4738,2
4739,1
4740,5
4741,6
4742,8
4743,1
4744,6
4745,0
4746,3
4747,2
4748,5
4749,4
4750,0
4751,4
4752,0
4753,9
4754,7
4755,7
4756,6
4757,9
4758,8
4759,3
4760,8
4761,9
4762,0
4763,5
4764,1
4765,6
4766,1
4767,1
4768,2
4769,7
4770,1
4771,2
4772,1
4773,9
4774,4
4775,6
4776,9
4777,3
4778,5
4779,4
4780,5
4781,5
4782,7
4783,7
4784,1
4785,3
4786,5
4787,9
4788,1
4789,3
4790,8
4791,0
4792,2
4793,9
4794,4
4795,6
4796,7
4797,2
4798,1
4799,9
4800,7
4801,9
4802,7
4803,6
4804,5
4805,7
4806,5
4807,7
4808,7
4809,2
4810,6
4811,0
4812,0
4813,2
4814,9
4815,3
4816,8
4817,5
4818,5
4819,4
4820,3
4821,9
4822,5
4823,1
4824,1
4825,4
4826,1
4827,4
4828,1
4829,7
4830,9
4831,2
4832,0
4833,7
4834,5
4835,8
4836,2
4837,3
4838,9
4839,3
4840,4
4841,8
4842,2
4843,6
4844,4
4845,2
4846,8
4847,7
4848,2
4849,0
4850,5
4851,7
4852,5
4853,4
4854,8
4855,8
4856,8
4857,9
4858,1
4859,9
4860,6
4861,4
4862,1
4863,0
4864,7
4865,7
4866,5
4867,6
4868,5
4869,8
4870,3
4871,8
4872,1
4873,8
4874,9
4875,4
4876,2
4877,8
4878,0
4879,7
4880,3
4881,5
4882,4
4883,2
4884,2
4885,8
4886,5
4887,4
4888,0
4889,7
4890,3
4891,8
4892,0
4893,0
4894,8
4895,4
4896,9
4897,3
4898,8
4899,6
4900,3
4901,9
4902,5
4903,8
4904,8
4905,5
4906,4
4907,7
4908,3
4909,8
4910,1
4911,9
4912,1
4913,0
4914,7
4915,4
4916,5
4917,4
4918,5
4919,2
4920,9
4921,2
4922,6
4923,4
4924,9
4925,6
4926,0
4927,9
4928,8
4929,8
4930,6
4931,8
4932,7
4933,0
4934,4
4935,4
4936,7
4937,5
4938,2
4939,2
4940,2
4941,2
4942,4
4943,2
4944,3
4945,7
4946,6
4947,6
4948,0
4949,2
4950,2
4951,4
4952,7
4953,8
4954,3
4955,6
4956,9
4957,8
4958,2
4959,1
4960,7
4961,1
4962,9
4963,3
4964,7
4965,6
4966,7
4967,7
4968,2
4969,6
4970,9
4971,4
4972,8
4973,8
4974,7
4975,1
4976,5
4977,6
4978,4
4979,3
4980,8
4981,2
4982,7
4983,9
4984,9
4985,7
4986,8
4987,1
4988,1
4989,7
4990,1
4991,0
4992,1
4993,7
4994,1
4995,7
4996,4
4997,1
4998,9
4999,3
5000,4
5001,9
5002,1
5003,5
5004,9
5005,4
5006,6
5007,0
5008,4
5009,4
5010,2
5011,0
5012,6
5013,5
5014,0
5015,3
5016,0
5017,5
5018,6
5019,5
5020,2
5021,6
5022,8
5023,7
5024,2
5025,8
5026,7
5027,5
5028,3
5029,5
5030,5
5031,1
5032,0
5033,4
5034,6
5035,9
5036,3
5037,4
5038,3
5039,1
5040,4
5041,3
5042,7
5043,5
5044,5
5045,3
5046,1
5047,1
5048,4
5049,7
5050,0
5051,0
5052,0
5053,6
5054,7
5055,2
5056,7
5057,7
5058,7
5059,4
5060,3
5061,1
5062,9
5063,7
5064,0
5065,9
5066,2
5067,5
5068,6
5069,9
5070,5
5071,5
5072,2
5073,6
5074,9
5075,8
5076,3
5077,5
5078,9
5079,7
5080,6
5081,7
5082,0
5083,7
5084,4
5085,5
5086,6
5087,6
5088,9
5089,5
5090,0
5091,8
5092,3
5093,3
5094,7
5095,0
5096,1
5097,9
5098,2
5099,4
5100,9
5101,4
5102,6
5103,1
5104,6
5105,9
5106,6
5107,5
5108,1
5109,7
5110,3
5111,3
5112,1
5113,0
5114,6
5115,4
5116,7
5117,6
5118,4
5119,6
5120,5
5121,5
5122,5
5123,3
5124,5
5125,1
5126,5
5127,1
5128,1
5129,1
5130,9
5131,4
5132,7
5133,6
5134,1
5135,8
5136,9
5137,1
5138,9
5139,0
5140,9
5141,4
5142,2
5143,3
5144,2
5145,6
5146,2
5147,2
5148,5
5149,4
5150,2
5151,4
5152,1
5153,9
5154,0
5155,4
5156,4
5157,5
5158,7
5159,9
5160,3
5161,8
5162,7
5163,4
5164,4
5165,6
5166,4
5167,1
5168,4
5169,4
5170,7
5171,4
5172,7
5173,8
5174,3
5175,6
5176,8
5177,2
5178,3
5179,3
5180,3
5181,6
5182,1
5183,0
5184,1
5185,0
5186,6
5187,2
5188,7
5189,3
5190,7
5191,8
5192,9
5193,5
5194,8
5195,1
5196,9
5197,8
5198,0
5199,7
5200,1
5201,0
5202,4
5203,3
5204,8
5205,5
5206,0
5207,8
5208,8
5209,8
5210,2
5211,1
5212,1
5213,8
5214,5
5215,7
5216,9
5217,4
5218,5
5219,7
5220,1
5221,6
5222,5
5223,1
5224,3
5225,6
5226,9
5227,7
5228,6
5229,0
5230,1
5231,9
5232,6
5233,2
5234,8
5235,0
5236,2
5237,9
5238,3
5239,5
5240,0
5241,1
5242,5
5243,7
5244,7
5245,4
5246,6
5247,0
5248,1
5249,8
5250,1
5251,8
5252,4
5253,4
5254,1
5255,7
5256,9
5257,9
5258,9
5259,3
5260,8
5261,6
5262,1
5263,3
5264,8
5265,2
5266,2
5267,5
5268,1
5269,5
5270,4
5271,5
5272,6
5273,8
5274,4
5275,9
5276,9
5277,3
5278,1
5279,5
5280,5
5281,5
5282,9
5283,9
5284,3
5285,4
5286,5
5287,4
5288,7
5289,6
5290,8
5291,0
5292,9
5293,1
5294,2
5295,7
5296,2
5297,0
5298,3
5299,5
5300,1
5301,8
5302,6
5303,0
5304,3
5305,7
5306,9
5307,6
5308,8
5309,8
5310,6
5311,4
5312,1
5313,6
5314,4
5315,0
5316,4
5317,2
5318,3
5319,6
5320,8
5321,4
5322,5
5323,1
5324,1
5325,3
5326,3
5327,1
5328,5
5329,0
5330,4
5331,2
5332,8
5333,6
5334,8
5335,3
5336,1
5337,8
5338,1
5339,0
5340,9
5341,4
5342,0
5343,9
5344,8
5345,0
5346,0
5347,2
5348,9
5349,4
5350,1
5351,9
5352,8
5353,2
5354,2
5355,6
5356,0
5357,6
5358,0
5359,4
5360,8
5361,8
5362,1
5363,2
5364,2
5365,5
5366,5
5367,2
5368,0
5369,5
5370,8
5371,0
5372,7
5373,7
5374,4
5375,5
5376,9
5377,2
5378,7
5379,9
5380,8
5381,3
5382,5
5383,2
5384,0
5385,6
5386,0
5387,9
5388,4
5389,9
5390,9
5391,4
5392,2
5393,6
5394,0
5395,2
5396,4
5397,9
5398,4
5399,0
5400,0
5401,8
5402,0
5403,8
5404,9
5405,1
5406,9
5407,7
5408,0
5409,4
5410,8
5411,1
5412,2
5413,6
5414,1
5415,9
5416,5
5417,3
5418,0
5419,3
5420,5
5421,0
5422,7
5423,0
5424,4
5425,7
5426,4
5427,6
5428,9
5429,0
5430,4
5431,0
5432,4
5433,3
5434,4
5435,9
5436,9
5437,3
5438,7
5439,4
5440,6
5441,5
5442,7
5443,5
5444,1
5445,0
5446,1
5447,4
5448,7
5449,9
5450,1
5451,9
5452,6
5453,8
5454,8
5455,4
5456,1
5457,1
5458,7
5459,0
5460,1
5461,2
5462,0
5463,0
5464,3
5465,5
5466,6
5467,1
5468,7
5469,0
5470,3
5471,0
5472,8
5473,8
5474,4
5475,8
5476,7
5477,8
5478,4
5479,4
5480,9
5481,8
5482,5
5483,4
5484,8
5485,3
5486,7
5487,4
5488,3
5489,9
5490,0
5491,9
5492,7
5493,9
5494,3
5495,2
5496,1
5497,0
5498,6
5499,4
5500,4
5501,6
5502,9
5503,5
5504,5
5505,8
5506,3
5507,0
5508,2
5509,5
5510,7
5511,0
5512,3
5513,5
5514,4
5515,5
5516,6
5517,5
5518,9
5519,9
5520,1
5521,0
5522,9
5523,7
5524,0
5525,2
5526,5
5527,3
5528,3
5529,6
5530,7
5531,4
5532,4
5533,2
5534,7
5535,5
5536,8
5537,4
5538,6
5539,0
5540,3
5541,3
5542,6
5543,9
5544,8
5545,2
5546,6
5547,7
5548,4
5549,2
5550,3
5551,6
5552,2
5553,8
5554,0
5555,6
5556,1
5557,3
5558,5
5559,4
5560,2
5561,4
5562,0
5563,3
5564,7
5565,2
5566,0
5567,8
5568,2
5569,8
5570,1
5571,1
5572,8
5573,4
5574,7
5575,0
5576,0
5577,5
5578,4
5579,5
5580,8
5581,5
5582,9
5583,4
5584,9
5585,4
5586,6
5587,1
5588,0
5589,3
5590,3
5591,9
5592,7
5593,8
5594,5
5595,9
5596,3
5597,4
5598,5
5599,0
5600,8
5601,5
5602,0
5603,5
5604,9
5605,2
5606,6
5607,6
5608,2
5609,1
5610,4
5611,4
5612,6
5613,8
5614,2
5615,4
5616,2
5617,2
5618,1
5619,1
5620,6
5621,8
5622,9
5623,8
5624,1
5625,8
5626,6
5627,2
5628,0
5629,9
5630,8
5631,7
5632,6
5633,7
5634,7
5635,7
5636,7
5637,7
5638,1
5639,4
5640,5
5641,4
5642,0
5643,4
5644,2
5645,3
5646,7
5647,1
5648,8
5649,8
5650,0
5651,9
5652,7
5653,4
5654,8
5655,5
5656,9
5657,0
5658,3
5659,3
5660,8
5661,7
5662,0
5663,8
5664,8
5665,3
5666,3
5667,1
5668,6
5669,5
5670,3
5671,1
5672,5
5673,0
5674,4
5675,1
5676,5
5677,2
5678,8
5679,1
5680,8
5681,2
5682,9
5683,9
5684,9
5685,3
5686,4
5687,3
5688,2
5689,5
5690,0
5691,3
5692,6
5693,5
5694,6
5695,7
5696,1
5697,9
5698,3
5699,7
5700,8
5701,1
5702,3
5703,2
5704,2
5705,2
5706,1
5707,4
5708,8
5709,4
5710,5
5711,4
5712,4
5713,6
5714,9
5715,1
5716,4
5717,6
5718,1
5719,0
5720,0
5721,5
5722,3
5723,6
5724,7
5725,4
5726,8
5727,2
5728,5
5729,2
5730,8
5731,8
5732,2
5733,7
5734,4
5735,1
5736,5
5737,7
5738,6
5739,9
5740,1
5741,1
5742,4
5743,0
5744,1
5745,8
5746,6
5747,1
5748,1
5749,9
5750,7
5751,3
5752,0
5753,0
5754,3
5755,6
5756,2
5757,8
5758,8
5759,4
5760,8
5761,6
5762,1
5763,3
5764,5
5765,9
5766,5
5767,1
5768,2
5769,3
5770,2
5771,1
5772,1
5773,3
5774,5
5775,6
5776,4
5777,0
5778,2
5779,0
5780,2
5781,2
5782,6
5783,6
5784,2
5785,7
5786,2
5787,2
5788,8
5789,3
5790,7
5791,4
5792,6
5793,6
5794,2
5795,6
5796,4
5797,3
5798,2
5799,9
5800,3
5801,4
5802,9
5803,6
5804,9
5805,3
5806,1
5807,7
5808,4
5809,2
5810,3
5811,4
5812,5
5813,2
5814,2
5815,3
5816,7
5817,3
5818,0
5819,9
5820,5
5821,7
5822,0
5823,7
5824,3
5825,6
5826,7
5827,0
5828,4
5829,9
5830,4
5831,9
5832,8
5833,7
5834,2
5835,0
5836,6
5837,1
5838,8
5839,1
5840,8
5841,7
5842,2
5843,1
5844,8
5845,2
5846,2
5847,7
5848,0
5849,8
5850,5
5851,6
5852,9
5853,6
5854,1
5855,2
5856,5
5857,7
5858,6
5859,2
5860,4
5861,6
5862,7
5863,1
5864,8
5865,8
5866,2
5867,4
5868,0
5869,9
5870,3
5871,0
5872,5
5873,1
5874,7
5875,8
5876,0
5877,0
5878,1
5879,2
5880,2
5881,7
5882,0
5883,7
5884,8
5885,6
5886,2
5887,9
5888,0
5889,6
5890,6
5891,4
5892,8
5893,6
5894,9
5895,9
5896,3
5897,5
5898,3
5899,5
5900,7
5901,9
5902,6
5903,6
5904,4
5905,1
5906,5
5907,1
5908,0
5909,7
5910,8
5911,5
5912,0
5913,7
5914,7
5915,8
5916,4
5917,9
5918,5
5919,9
5920,9
5921,0
5922,6
5923,6
5924,8
5925,7
5926,3
5927,0
5928,5
5929,9
5930,0
5931,8
5932,6
5933,0
5934,3
5935,6
5936,7
5937,7
5938,9
5939,6
5940,0
5941,1
5942,2
5943,0
5944,3
5945,7
5946,0
5947,2
5948,3
5949,8
5950,9
5951,7
5952,4
5953,3
5954,2
5955,1
5956,3
5957,9
5958,3
5959,6
5960,1
5961,2
5962,3
5963,0
5964,7
5965,9
5966,9
5967,3
5968,9
5969,1
5970,9
5971,1
5972,9
5973,7
5974,2
5975,9
5976,3
5977,8
5978,8
5979,7
5980,4
5981,6
5982,3
5983,9
5984,6
5985,2
5986,8
5987,1
5988,8
5989,7
5990,6
5991,9
5992,2
5993,3
5994,3
5995,3
5996,4
5997,9
5998,4
5999,9
6000,3
6001,3
6002,7
6003,1
6004,4
6005,1
6006,0
6007,9
6008,2
6009,1
6010,2
6011,8
6012,7
6013,1
6014,7
6015,0
6016,4
6017,4
6018,0
6019,2
6020,4
6021,5
6022,7
6023,3
6024,2
6025,2
6026,8
6027,4
6028,0
6029,7
6030,3
6031,9
6032,4
6033,7
6034,0
6035,8
6036,4
6037,3
6038,1
6039,7
6040,0
6041,3
6042,2
6043,4
6044,8
6045,3
6046,1
6047,1
6048,3
6049,3
6050,3
6051,8
6052,1
6053,9
6054,1
6055,7
6056,2
6057,8
6058,8
6059,6
6060,2
6061,9
6062,1
6063,2
6064,7
6065,4
6066,7
6067,5
6068,3
6069,6
6070,3
6071,0
6072,7
6073,3
6074,9
6075,0
6076,7
6077,4
6078,2
6079,5
6080,4
6081,2
6082,4
6083,0
6084,7
6085,3
6086,1
6087,9
6088,2
6089,3
6090,2
6091,8
6092,5
6093,5
6094,3
6095,2
6096,6
6097,1
6098,3
6099,7
6100,0
6101,4
6102,1
6103,3
6104,2
6105,7
6106,8
6107,3
6108,8
6109,4
6110,5
6111,6
6112,1
6113,8
6114,2
6115,9
6116,2
6117,2
6118,4
6119,6
6120,8
6121,9
6122,0
6123,2
6124,4
6125,7
6126,3
6127,8
6128,4
6129,6
6130,6
6131,6
6132,7
6133,9
6134,3
6135,2
6136,9
6137,8
6138,7
6139,9
6140,3
6141,2
6142,1
6143,8
6144,2
6145,1
6146,9
6147,6
6148,6
6149,5
6150,2
6151,3
6152,6
6153,8
6154,1
6155,2
6156,7
6157,4
6158,0
6159,4
6160,0
6161,2
6162,0
6163,7
6164,4
6165,1
6166,0
6167,4
6168,0
6169,4
6170,2
6171,8
6172,6
6173,1
6174,4
6175,8
6176,4
6177,5
6178,6
6179,3
6180,8
6181,7
6182,9
6183,3
6184,6
6185,7
6186,9
6187,4
6188,1
6189,9
6190,7
6191,8
6192,2
6193,4
6194,9
6195,1
6196,5
6197,3
6198,1
6199,5
6200,0
6201,9
6202,4
6203,1
6204,4
6205,2
6206,6
6207,3
6208,4
6209,9
6210,3
6211,4
6212,8
6213,1
6214,7
6215,1
6216,2
6217,4
6218,0
6219,0
6220,3
6221,8
6222,2
6223,9
6224,9
6225,6
6226,8
6227,6
6228,2
6229,8
6230,7
6231,5
6232,0
6233,5
6234,5
6235,9
6236,4
6237,3
6238,0
6239,7
6240,5
6241,1
6242,6
6243,1
6244,4
6245,1
6246,3
6247,9
6248,9
6249,1
6250,1
6251,2
6252,3
6253,5
6254,9
6255,4
6256,5
6257,4
6258,7
6259,2
6260,6
6261,5
6262,4
6263,0
6264,6
6265,3
6266,6
6267,4
6268,3
6269,4
6270,8
6271,6
6272,4
6273,9
6274,1
6275,6
6276,5
6277,6
6278,3
6279,6
6280,5
6281,0
6282,2
6283,7
6284,1
6285,1
6286,2
6287,8
6288,7
6289,9
6290,8
6291,2
6292,5
6293,3
6294,8
6295,5
6296,4
6297,1
6298,6
6299,5
6300,0
6301,3
6302,6
6303,2
6304,3
6305,8
6306,9
6307,6
6308,7
6309,0
6310,2
6311,4
6312,2
6313,7
6314,5
6315,3
6316,6
6317,0
6318,9
6319,4
6320,0
6321,2
6322,6
6323,0
6324,6
6325,3
6326,5
6327,8
6328,4
6329,2
6330,5
6331,7
6332,9
6333,7
6334,7
6335,7
6336,0
6337,3
6338,0
6339,1
6340,7
6341,4
6342,0
6343,7
6344,7
6345,1
6346,1
6347,8
6348,4
6349,6
6350,5
6351,1
6352,4
6353,9
6354,5
6355,1
6356,1
6357,8
6358,8
6359,3
6360,4
6361,6
6362,4
6363,7
6364,2
6365,7
6366,4
6367,7
6368,1
6369,0
6370,3
6371,9
6372,0
6373,0
6374,6
6375,2
6376,1
6377,3
6378,6
6379,2
6380,9
6381,7
6382,0
6383,4
6384,6
6385,1
6386,0
6387,7
6388,7
6389,5
6390,3
6391,8
6392,9
6393,3
6394,4
6395,3
6396,3
6397,8
6398,5
6399,6
6400,6
6401,8
6402,5
6403,5
6404,2
6405,5
6406,7
6407,7
6408,9
6409,5
6410,6
6411,9
6412,5
6413,5
6414,3
6415,3
6416,4
6417,9
6418,1
6419,0
6420,8
6421,4
6422,4
6423,6
6424,5
6425,4
6426,7
6427,2
6428,1
6429,8
6430,7
6431,8
6432,2
6433,9
6434,9
6435,1
6436,4
6437,1
6438,7
6439,2
6440,9
6441,8
6442,0
6443,4
6444,5
6445,9
6446,7
6447,7
6448,2
6449,3
6450,3
6451,1
6452,7
6453,1
6454,3
6455,2
6456,3
6457,5
6458,3
6459,9
6460,0
6461,8
6462,3
6463,5
6464,7
6465,7
6466,2
6467,7
6468,4
6469,7
6470,1
6471,3
6472,0
6473,7
6474,8
6475,1
6476,8
6477,0
6478,4
6479,0
6480,7
6481,7
6482,9
6483,8
6484,2
6485,9
6486,1
6487,8
6488,8
6489,5
6490,7
6491,1
6492,3
6493,4
6494,1
6495,2
6496,4
6497,8
6498,8
6499,3
6500,3
6501,8
6502,4
6503,5
6504,7
6505,5
6506,1
6507,8
6508,3
6509,2
6510,6
6511,4
6512,0
6513,6
6514,4
6515,8
6516,4
6517,6
6518,0
6519,0
6520,0
6521,7
6522,8
6523,7
6524,3
6525,1
6526,5
6527,0
6528,9
6529,2
6530,0
6531,0
6532,9
6533,0
6534,4
6535,9
6536,3
6537,7
6538,0
6539,6
6540,1
6541,1
6542,5
6543,9
6544,2
6545,4
6546,6
6547,5
6548,1
6549,6
6550,8
6551,4
6552,0
6553,4
6554,6
6555,3
6556,1
6557,4
6558,0
6559,3
6560,7
6561,2
6562,5
6563,9
6564,1
6565,4
6566,1
6567,8
6568,1
6569,9
6570,4
6571,7
6572,2
6573,7
6574,6
6575,9
6576,4
6577,7
6578,5
6579,7
6580,6
6581,5
6582,9
6583,9
6584,2
6585,2
6586,4
6587,0
6588,1
6589,9
6590,4
6591,5
6592,4
6593,4
6594,8
6595,1
6596,3
6597,0
6598,5
6599,9
6600,2
6601,2
6602,2
6603,7
6604,9
6605,3
6606,1
6607,6
6608,8
6609,9
6610,9
6611,8
6612,5
6613,6
6614,2
6615,0
6616,4
6617,9
6618,9
6619,0
6620,0
6621,6
6622,1
6623,4
6624,0
6625,7
6626,4
6627,0
6628,3
6629,4
6630,3
6631,1
6632,0
6633,4
6634,8
6635,7
6636,9
6637,4
6638,3
6639,4
6640,1
6641,5
6642,3
6643,2
6644,0
6645,7
6646,1
6647,4
6648,8
6649,6
6650,9
6651,7
6652,0
6653,1
6654,9
6655,8
6656,3
6657,3
6658,1
6659,9
6660,8
6661,0
6662,6
6663,4
6664,9
6665,7
6666,6
6667,2
6668,5
6669,2
6670,9
6671,8
6672,6
6673,4
6674,8
6675,0
6676,6
6677,2
6678,3
6679,8
6680,5
6681,4
6682,4
6683,0
6684,9
6685,8
6686,2
6687,3
6688,1
6689,7
6690,9
6691,8
6692,8
6693,9
6694,2
6695,8
6696,1
6697,7
6698,2
6699,3
6700,1
6701,0
6702,4
6703,5
6704,9
6705,1
6706,2
6707,1
6708,6
6709,8
6710,8
6711,1
6712,1
6713,3
6714,4
6715,0
6716,4
6717,7
6718,1
6719,4
6720,3
6721,8
6722,5
6723,0
6724,1
6725,8
6726,1
6727,0
6728,1
6729,6
6730,2
6731,6
6732,5
6733,0
6734,6
6735,9
6736,1
6737,8
6738,8
6739,7
6740,9
6741,8
6742,3
6743,3
6744,7
6745,3
6746,0
6747,9
6748,7
6749,2
6750,9
6751,3
6752,5
6753,6
6754,2
6755,9
6756,8
6757,4
6758,1
6759,1
6760,2
6761,7
6762,2
6763,2
6764,0
6765,7
6766,1
6767,7
6768,0
6769,0
6770,2
6771,7
6772,2
6773,2
6774,7
6775,7
6776,2
6777,8
6778,0
6779,1
6780,2
6781,9
6782,8
6783,2
6784,0
6785,3
6786,4
6787,3
6788,4
6789,1
6790,6
6791,3
6792,7
6793,6
6794,5
6795,1
6796,6
6797,2
6798,7
6799,5
6800,8
6801,8
6802,3
6803,1
6804,6
6805,3
6806,1
6807,1
6808,8
6809,5
6810,4
6811,7
6812,3
6813,8
6814,6
6815,0
6816,1
6817,4
6818,4
6819,5
6820,0
6821,8
6822,3
6823,1
6824,8
6825,7
6826,8
6827,4
6828,8
6829,1
6830,9
6831,0
6832,6
6833,0
6834,1
6835,5
6836,4
6837,3
6838,5
6839,8
6840,1
6841,0
6842,1
6843,7
6844,4
6845,6
6846,1
6847,0
6848,5
6849,0
6850,1
6851,5
6852,6
6853,2
6854,7
6855,2
6856,2
6857,9
6858,8
6859,5
6860,3
6861,0
6862,7
6863,3
6864,1
6865,3
6866,5
6867,9
6868,6
6869,8
6870,7
6871,9
6872,1
6873,1
6874,6
6875,5
6876,6
6877,9
6878,6
6879,7
6880,3
6881,0
6882,6
6883,1
6884,2
6885,0
6886,9
6887,9
6888,2
6889,2
6890,9
6891,7
6892,0
6893,7
6894,6
6895,0
6896,0
6897,9
6898,3
6899,4
6900,5
6901,9
6902,9
6903,6
6904,4
6905,3
6906,5
6907,3
6908,7
6909,1
6910,8
6911,4
6912,0
6913,4
6914,5
6915,6
6916,4
6917,0
6918,1
6919,1
6920,1
6921,1
6922,7
6923,0
6924,2
6925,4
6926,5
6927,7
6928,7
6929,8
6930,5
6931,8
6932,5
6933,4
6934,0
6935,2
6936,3
6937,7
6938,7
6939,1
6940,5
6941,4
6942,5
6943,4
6944,6
6945,9
6946,2
6947,6
6948,6
6949,8
6950,1
6951,5
6952,6
6953,3
6954,2
6955,4
6956,6
6957,4
6958,1
6959,0
6960,0
6961,9
6962,7
6963,6
6964,0
6965,9
6966,5
6967,0
6968,5
6969,2
6970,7
6971,3
6972,9
6973,0
6974,1
6975,5
6976,1
6977,5
6978,0
6979,6
6980,9
6981,8
6982,1
6983,9
6984,4
6985,7
6986,4
6987,4
6988,8
6989,4
6990,1
6991,4
6992,5
6993,4
6994,0
6995,8
6996,9
6997,4
6998,3
6999,1
7000,6
7001,3
7002,1
7003,0
7004,8
7005,0
7006,9
7007,0
7008,7
7009,3
7010,2
7011,4
7012,5
7013,7
7014,6
7015,7
7016,8
7017,6
7018,7
7019,1
7020,3
7021,9
7022,1
7023,3
7024,2
7025,8
7026,2
7027,8
7028,1
7029,0
7030,7
7031,0
7032,3
7033,8
7034,4
7035,8
7036,8
7037,4
7038,2
7039,6
7040,8
7041,1
7042,2
7043,0
7044,4
7045,7
7046,6
7047,0
7048,4
7049,7
7050,8
7051,1
7052,2
7053,5
7054,2
7055,4
7056,4
7057,1
7058,7
7059,2
7060,3
7061,7
7062,8
7063,8
7064,5
7065,3
7066,3
7067,9
7068,8
7069,0
7070,8
7071,7
7072,2
7073,3
7074,2
7075,0
7076,0
7077,4
7078,6
7079,2
7080,2
7081,6
7082,6
7083,1
7084,1
7085,4
7086,2
7087,5
7088,7
7089,4
7090,1
7091,8
7092,3
7093,8
7094,7
7095,7
7096,0
7097,0
7098,5
7099,8
7100,5
7101,9
7102,4
7103,5
7104,4
7105,2
7106,9
7107,3
7108,9
7109,7
7110,1
7111,7
7112,4
7113,7
7114,3
7115,9
7116,7
7117,4
7118,1
7119,3
7120,8
7121,5
7122,2
7123,1
7124,2
7125,4
7126,0
7127,2
7128,3
7129,0
7130,8
7131,9
7132,0
7133,6
7134,9
7135,6
7136,2
7137,1
7138,3
7139,0
7140,0
7141,8
7142,5
7143,5
7144,3
7145,0
7146,8
7147,8
7148,2
7149,0
7150,2
7151,0
7152,8
7153,2
7154,3
7155,3
7156,1
7157,1
7158,1
7159,8
7160,6
7161,4
7162,5
7163,1
7164,8
7165,1
7166,8
7167,9
7168,1
7169,4
7170,1
7171,3
7172,3
7173,5
7174,4
7175,6
7176,1
7177,7
7178,6
7179,2
7180,4
7181,9
7182,7
7183,1
7184,2
7185,8
7186,7
7187,8
7188,5
7189,8
7190,5
7191,5
7192,7
7193,0
7194,2
7195,6
7196,3
7197,9
7198,6
7199,3
7200,6
7201,5
7202,8
7203,0
7204,8
7205,2
7206,2
7207,1
7208,2
7209,4
7210,1
7211,7
7212,3
7213,8
7214,8
7215,7
7216,3
7217,9
7218,7
7219,1
7220,7
7221,9
7222,8
7223,9
7224,6
7225,3
7226,1
7227,4
7228,9
7229,6
7230,1
7231,9
7232,4
7233,5
7234,4
7235,2
7236,3
7237,8
7238,2
7239,8
7240,9
7241,7
7242,2
7243,8
7244,8
7245,9
7246,8
7247,2
7248,2
7249,5
7250,0
7251,5
7252,2
7253,9
7254,0
7255,0
7256,8
7257,5
7258,2
7259,8
7260,3
7261,6
7262,1
7263,7
7264,4
7265,9
7266,4
7267,8
7268,0
7269,6
7270,5
7271,6
7272,0
7273,7
7274,0
7275,6
7276,9
7277,8
7278,3
7279,9
7280,2
7281,7
7282,1
7283,5
7284,9
7285,6
7286,8
7287,8
7288,7
7289,6
7290,9
7291,5
7292,2
7293,6
7294,7
7295,8
7296,8
7297,0
7298,3
7299,4
7300,1
7301,8
7302,3
7303,3
7304,1
7305,8
7306,8
7307,0
7308,1
7309,8
7310,4
7311,6
7312,6
7313,3
7314,9
7315,7
7316,9
7317,1
7318,3
7319,7
7320,7
7321,4
7322,5
7323,9
7324,7
7325,4
7326,7
7327,5
7328,6
7329,6
7330,0
7331,8
7332,9
7333,3
7334,1
7335,5
7336,1
7337,7
7338,3
7339,1
7340,8
7341,3
7342,0
7343,9
7344,6
7345,4
7346,8
7347,7
7348,9
7349,4
7350,5
7351,7
7352,6
7353,0
7354,6
7355,7
7356,7
7357,9
7358,3
7359,8
7360,0
7361,5
7362,9
7363,1
7364,5
7365,6
7366,4
7367,5
7368,7
7369,5
7370,9
7371,3
7372,0
7373,2
7374,7
7375,9
7376,2
7377,0
7378,4
7379,0
7380,1
7381,0
7382,1
7383,2
7384,8
7385,6
7386,5
7387,1
7388,1
7389,8
7390,1
7391,3
7392,1
7393,2
7394,8
7395,8
7396,1
7397,2
7398,6
7399,9
7400,2
7401,9
7402,4
7403,7
7404,5
7405,5
7406,9
7407,0
7408,3
7409,9
7410,4
7411,6
7412,9
7413,3
7414,5
7415,6
7416,0
7417,0
7418,4
7419,6
7420,6
7421,0
7422,5
7423,2
7424,8
7425,1
7426,5
7427,0
7428,7
7429,4
7430,3
7431,5
7432,2
7433,1
7434,1
7435,7
7436,3
7437,8
7438,6
7439,8
7440,7
7441,6
7442,4
7443,6
7444,1
7445,5
7446,6
7447,3
7448,0
7449,9
7450,3
7451,4
7452,1
7453,0
7454,6
7455,8
7456,2
7457,4
7458,5
7459,4
7460,1
7461,1
7462,0
7463,9
7464,8
7465,6
7466,3
7467,7
7468,3
7469,0
7470,7
7471,8
7472,0
7473,5
7474,4
7475,7
7476,0
7477,3
7478,4
7479,8
7480,6
7481,3
7482,2
7483,2
7484,4
7485,6
7486,8
7487,6
7488,3
7489,4
7490,9
7491,3
7492,5
7493,9
7494,3
7495,2
7496,6
7497,9
7498,4
7499,9
7500,7
7501,5
7502,0
7503,8
7504,0
7505,9
7506,5
7507,2
7508,3
7509,1
7510,7
7511,2
7512,6
7513,6
7514,9
7515,3
7516,0
7517,0
7518,9
7519,2
7520,2
7521,0
7522,9
7523,8
7524,5
7525,7
7526,1
7527,3
7528,9
7529,1
7530,7
7531,7
7532,1
7533,7
7534,5
7535,6
7536,8
7537,2
7538,6
7539,7
7540,9
7541,6
7542,3
7543,2
7544,0
7545,6
7546,1
7547,0
7548,3
7549,0
7550,9
7551,8
7552,7
7553,5
7554,0
7555,0
7556,6
7557,1
7558,8
7559,7
7560,7
7561,8
7562,4
7563,7
7564,4
7565,4
7566,8
7567,3
7568,8
7569,8
7570,2
7571,1
7572,4
7573,1
7574,1
7575,5
7576,6
7577,1
7578,5
7579,5
7580,6
7581,0
7582,5
7583,0
7584,8
7585,4
7586,8
7587,3
7588,5
7589,7
7590,3
7591,5
7592,1
7593,7
7594,6
7595,0
7596,4
7597,8
7598,9
7599,2
7600,1
7601,1
7602,9
7603,6
7604,4
7605,9
7606,9
7607,6
7608,3
7609,3
7610,1
7611,1
7612,8
7613,8
7614,2
7615,6
7616,2
7617,6
7618,9
7619,8
7620,0
7621,1
7622,9
7623,0
7624,2
7625,8
7626,0
7627,4
7628,4
7629,6
7630,1
7631,6
7632,7
7633,8
7634,9
7635,1
7636,4
7637,4
7638,4
7639,4
7640,2
7641,9
7642,6
7643,6
7644,6
7645,1
7646,3
7647,7
7648,3
7649,2
7650,4
7651,8
7652,1
7653,0
7654,3
7655,7
7656,5
7657,2
7658,3
7659,9
7660,1
7661,9
7662,1
7663,8
7664,4
7665,4
7666,4
7667,1
7668,8
7669,3
7670,7
7671,2
7672,0
7673,7
7674,4
7675,1
7676,0
7677,9
7678,6
7679,3
7680,2
7681,7
7682,9
7683,6
7684,9
7685,2
7686,3
7687,7
7688,9
7689,5
7690,0
7691,2
7692,0
7693,3
7694,3
7695,9
7696,1
7697,7
7698,3
7699,5
7700,5
7701,5
7702,9
7703,7
7704,1
7705,2
7706,7
7707,2
7708,7
7709,8
7710,7
7711,2
7712,4
7713,2
7714,8
7715,8
7716,3
7717,9
7718,8
7719,7
7720,0
7721,0
7722,6
7723,6
7724,0
7725,3
7726,2
7727,6
7728,3
7729,0
7730,3
7731,4
7732,7
7733,7
7734,0
7735,7
7736,4
7737,9
7738,3
7739,5
7740,0
7741,0
7742,2
7743,4
7744,3
7745,3
7746,1
7747,4
7748,4
7749,6
7750,5
7751,8
7752,7
7753,6
7754,1
7755,8
7756,3
7757,5
7758,8
7759,9
7760,9
7761,3
7762,5
7763,5
7764,9
7765,4
7766,0
7767,3
7768,9
7769,9
7770,7
7771,6
7772,7
7773,3
7774,0
7775,6
7776,5
7777,8
7778,5
7779,3
7780,1
7781,2
7782,1
7783,6
7784,1
7785,9
7786,5
7787,6
7788,4
7789,8
7790,1
7791,3
7792,7
7793,9
7794,2
7795,7
7796,7
7797,0
7798,4
7799,5
7800,4
7801,6
7802,7
7803,8
7804,6
7805,6
7806,6
7807,9
7808,0
7809,5
7810,6
7811,2
7812,4
7813,0
7814,8
7815,8
7816,0
7817,3
7818,1
7819,3
7820,0
7821,3
7822,1
7823,4
7824,2
7825,4
7826,3
7827,3
7828,2
7829,3
7830,3
7831,3
7832,4
7833,4
7834,6
7835,0
7836,5
7837,9
7838,7
7839,1
7840,3
7841,9
7842,8
7843,5
7844,7
7845,0
7846,5
7847,2
7848,6
7849,3
7850,4
7851,4
7852,0
7853,3
7854,2
7855,0
7856,3
7857,4
7858,2
7859,6
7860,1
7861,5
7862,6
7863,3
7864,9
7865,7
7866,4
7867,6
7868,1
7869,6
7870,1
7871,7
7872,8
7873,5
7874,9
7875,2
7876,4
7877,1
7878,1
7879,6
7880,7
7881,7
7882,4
7883,2
7884,3
7885,5
7886,7
7887,1
7888,7
7889,5
7890,5
7891,4
7892,4
7893,5
7894,8
7895,6
7896,8
7897,5
7898,9
7899,4
7900,8
7901,4
7902,7
7903,0
7904,0
7905,3
7906,0
7907,0
7908,8
7909,4
7910,4
7911,5
7912,5
7913,9
7914,9
7915,9
7916,1
7917,6
7918,9
7919,7
7920,6
7921,9
7922,5
7923,3
7924,7
7925,4
7926,9
7927,7
7928,1
7929,1
7930,3
7931,0
7932,0
7933,8
7934,1
7935,6
7936,7
7937,5
7938,4
7939,2
7940,8
7941,6
7942,2
7943,6
7944,7
7945,2
7946,4
7947,1
7948,5
7949,3
7950,1
7951,0
7952,0
7953,5
7954,2
7955,9
7956,4
7957,8
7958,9
7959,0
7960,8
7961,4
7962,9
7963,9
7964,8
7965,2
7966,2
7967,9
7968,9
7969,8
7970,8
7971,8
7972,9
7973,8
7974,6
7975,0
7976,2
7977,4
7978,2
7979,9
7980,6
7981,8
7982,5
7983,1
7984,3
7985,3
7986,0
7987,0
7988,4
7989,7
7990,4
7991,3
7992,2
7993,5
7994,1
7995,6
7996,4
7997,1
7998,1
7999,0
8000,7
8001,0
8002,2
8003,2
8004,9
8005,2
8006,9
8007,5
8008,5
8009,2
8010,7
8011,4
8012,3
8013,6
8014,9
8015,8
8016,8
8017,3
8018,2
8019,4
8020,3
8021,0
8022,9
8023,9
8024,4
8025,1
8026,2
8027,5
8028,3
8029,3
8030,2
8031,8
8032,8
8033,5
8034,7
8035,6
8036,8
8037,5
8038,4
8039,8
8040,1
8041,0
8042,7
8043,5
8044,4
8045,6
8046,9
8047,9
8048,5
8049,6
8050,5
8051,6
8052,6
8053,3
8054,8
8055,7
8056,3
8057,4
8058,1
8059,1
8060,4
8061,9
8062,1
8063,3
8064,7
8065,7
8066,2
8067,6
8068,4
8069,7
8070,0
8071,1
8072,2
8073,9
8074,6
8075,9
8076,3
8077,6
8078,5
8079,8
8080,7
8081,2
8082,4
8083,7
8084,7
8085,6
8086,8
8087,0
8088,4
8089,9
8090,3
8091,1
8092,3
8093,9
8094,6
8095,3
8096,5
8097,6
8098,7
8099,2
8100,4
8101,6
8102,0
8103,2
8104,7
8105,5
8106,7
8107,0
8108,9
8109,7
8110,9
8111,2
8112,6
8113,4
8114,3
8115,6
8116,8
8117,0
8118,7
8119,8
8120,8
8121,0
8122,5
8123,4
8124,6
8125,2
8126,7
8127,7
8128,6
8129,6
8130,3
8131,4
8132,7
8133,2
8134,0
8135,4
8136,1
8137,4
8138,0
8139,4
8140,9
8141,8
8142,6
8143,0
8144,2
8145,9
8146,3
8147,9
8148,2
8149,9
8150,7
8151,3
8152,8
8153,5
8154,9
8155,5
8156,7
8157,7
8158,1
8159,9
8160,1
8161,3
8162,1
8163,5
8164,4
8165,3
8166,5
8167,1
8168,6
8169,2
8170,2
8171,8
8172,7
8173,8
8174,0
8175,8
8176,8
8177,8
8178,0
8179,4
8180,3
8181,5
8182,9
8183,3
8184,8
8185,4
8186,1
8187,8
8188,2
8189,4
8190,1
8191,2
8192,9
8193,3
8194,6
8195,3
8196,9
8197,5
8198,3
8199,6
8200,0
8201,5
8202,5
8203,1
8204,4
8205,8
8206,5
8207,6
8208,2
8209,1
8210,7
8211,1
8212,0
8213,4
8214,3
8215,0
8216,4
8217,1
8218,4
8219,9
8220,4
8221,5
8222,5
8223,1
8224,0
8225,7
8226,7
8227,9
8228,5
8229,7
8230,8
8231,3
8232,1
8233,6
8234,3
8235,3
8236,5
8237,2
8238,4
8239,7
8240,4
8241,3
8242,0
8243,4
8244,1
8245,9
8246,8
8247,4
8248,5
8249,7
8250,2
8251,1
8252,0
8253,6
8254,7
8255,6
8256,0
8257,1
8258,4
8259,7
8260,7
8261,7
8262,7
8263,6
8264,1
8265,0
8266,2
8267,9
8268,1
8269,5
8270,1
8271,5
8272,7
8273,6
8274,1
8275,0
8276,8
8277,7
8278,1
8279,2
8280,1
8281,9
8282,2
8283,6
8284,9
8285,7
8286,0
8287,2
8288,1
8289,7
8290,3
8291,1
8292,6
8293,9
8294,6
8295,1
8296,8
8297,3
8298,7
8299,0
8300,2
8301,7
8302,9
8303,5
8304,1
8305,0
8306,1
8307,0
8308,2
8309,4
8310,4
8311,2
8312,0
8313,1
8314,0
8315,3
8316,7
8317,2
8318,8
8319,2
8320,7
8321,2
8322,4
8323,0
8324,7
8325,6
8326,8
8327,5
8328,5
8329,5
8330,2
8331,5
8332,0
8333,5
8334,1
8335,1
8336,8
8337,0
8338,8
8339,3
8340,3
8341,5
8342,8
8343,6
8344,2
8345,5
8346,7
8347,1
8348,1
8349,0
8350,6
8351,1
8352,0
8353,9
8354,5
8355,6
8356,1
8357,3
8358,7
8359,9
8360,2
8361,7
8362,0
8363,2
8364,2
8365,6
8366,3
8367,0
8368,0
8369,6
8370,5
8371,1
8372,1
8373,8
8374,9
8375,2
8376,9
8377,2
8378,4
8379,8
8380,7
8381,8
8382,7
8383,3
8384,9
8385,4
8386,9
8387,0
8388,7
8389,4
8390,3
8391,3
8392,3
8393,7
8394,1
8395,5
8396,2
8397,9
8398,3
8399,0
8400,9
8401,6
8402,5
8403,3
8404,4
8405,7
8406,8
8407,6
8408,7
8409,0
8410,9
8411,9
8412,7
8413,6
8414,9
8415,9
8416,3
8417,1
8418,6
8419,3
8420,0
8421,6
8422,6
8423,4
8424,6
8425,0
8426,6
8427,9
8428,5
8429,8
8430,0
8431,5
8432,0
8433,4
8434,0
8435,3
8436,1
8437,3
8438,7
8439,1
8440,3
8441,3
8442,8
8443,0
8444,7
8445,3
8446,3
8447,1
8448,7
8449,8
8450,8
8451,2
8452,4
8453,0
8454,6
8455,6
8456,1
8457,5
8458,0
8459,4
8460,4
8461,8
8462,6
8463,0
8464,7
8465,6
8466,3
8467,4
8468,2
8469,6
8470,7
8471,6
8472,8
8473,7
8474,2
8475,6
8476,7
8477,1
8478,2
8479,2
8480,1
8481,4
8482,7
8483,7
8484,4
8485,5
8486,4
8487,0
8488,1
8489,7
8490,2
8491,3
8492,2
8493,2
8494,8
8495,4
8496,0
8497,4
8498,1
8499,8
8500,1
8501,2
8502,4
8503,0
8504,6
8505,6
8506,5
8507,7
8508,5
8509,1
8510,6
8511,1
8512,5
8513,7
8514,2
8515,8
8516,0
8517,3
8518,8
8519,3
8520,3
8521,9
8522,3
8523,4
8524,6
8525,8
8526,9
8527,2
8528,1
8529,2
8530,3
8531,3
8532,7
8533,9
8534,4
8535,8
8536,2
8537,2
8538,5
8539,6
8540,0
8541,4
8542,2
8543,7
8544,3
8545,6
8546,1
8547,7
8548,6
8549,5
8550,2
8551,2
8552,1
8553,0
8554,6
8555,7
8556,7
8557,3
8558,5
8559,3
8560,2
8561,1
8562,2
8563,2
8564,0
8565,8
8566,6
8567,9
8568,3
8569,3
8570,0
8571,3
8572,9
8573,8
8574,7
8575,0
8576,0
8577,7
8578,3
8579,8
8580,3
8581,4
8582,6
8583,9
8584,2
8585,6
8586,4
8587,5
8588,9
8589,8
8590,3
8591,6
8592,7
8593,7
8594,7
8595,2
8596,9
8597,9
8598,3
8599,2
8600,4
8601,7
8602,5
8603,9
8604,5
8605,8
8606,3
8607,0
8608,8
8609,0
8610,3
8611,2
8612,5
8613,0
8614,2
8615,4
8616,8
8617,9
8618,2
8619,7
8620,8
8621,6
8622,6
8623,0
8624,3
8625,6
8626,4
8627,0
8628,1
8629,7
8630,0
8631,2
8632,5
8633,1
8634,3
8635,7
8636,0
8637,2
8638,8
8639,9
8640,7
8641,1
8642,6
8643,4
8644,2
8645,9
8646,1
8647,8
8648,2
8649,9
8650,4
8651,0
8652,2
8653,1
8654,4
8655,8
8656,9
8657,7
8658,9
8659,6
8660,7
8661,3
8662,1
8663,0
8664,4
8665,1
8666,9
8667,1
8668,8
8669,9
8670,8
8671,9
8672,5
8673,4
8674,5
8675,7
8676,8
8677,1
8678,0
8679,2
8680,9
8681,1
8682,1
8683,8
8684,3
8685,7
8686,6
8687,2
8688,6
8689,0
8690,3
8691,8
8692,6
8693,3
8694,2
8695,3
8696,0
8697,6
8698,3
8699,1
8700,0
8701,5
8702,5
8703,7
8704,8
8705,3
8706,6
8707,0
8708,2
8709,2
8710,7
8711,2
8712,4
8713,5
8714,4
8715,4
8716,9
8717,7
8718,4
8719,9
8720,3
8721,7
8722,5
8723,2
8724,2
8725,2
8726,1
8727,3
8728,9
8729,0
8730,8
8731,8
8732,6
8733,1
8734,1
8735,6
8736,6
8737,0
8738,1
8739,6
8740,3
8741,6
8742,9
8743,4
8744,9
8745,1
8746,3
8747,9
8748,9
8749,7
8750,2
8751,0
8752,3
8753,5
8754,4
8755,1
8756,6
8757,1
8758,7
8759,0
8760,2
8761,0
8762,5
8763,1
8764,5
8765,7
8766,0
8767,9
8768,4
8769,4
8770,4
8771,9
8772,1
8773,5
8774,6
8775,0
8776,4
8777,1
8778,5
8779,8
8780,2
8781,2
8782,6
8783,0
8784,7
8785,3
8786,5
8787,2
8788,1
8789,1
8790,1
8791,1
8792,3
8793,0
8794,3
8795,6
8796,6
8797,1
8798,8
8799,3
8800,5
8801,7
8802,8
8803,6
8804,3
8805,9
8806,3
8807,8
8808,0
8809,5
8810,5
8811,1
8812,6
8813,2
8814,8
8815,1
8816,5
8817,5
8818,0
8819,9
8820,8
8821,5
8822,1
8823,0
8824,6
8825,0
8826,1
8827,7
8828,7
8829,3
8830,8
8831,8
8832,1
8833,0
8834,9
8835,0
8836,7
8837,7
8838,8
8839,0
8840,3
8841,1
8842,2
8843,3
8844,5
8845,7
8846,4
8847,3
8848,9
8849,9
8850,9
8851,5
8852,7
8853,0
8854,1
8855,2
8856,1
8857,9
8858,5
8859,0
8860,7
8861,4
8862,6
8863,2
8864,6
8865,4
8866,3
8867,8
8868,3
8869,9
8870,0
8871,5
8872,8
8873,5
8874,7
8875,7
8876,1
8877,8
8878,5
8879,4
8880,3
8881,3
8882,7
8883,5
8884,7
8885,9
8886,0
8887,4
8888,7
8889,5
8890,7
8891,7
8892,1
8893,6
8894,1
8895,7
8896,3
8897,0
8898,3
8899,5
8900,1
8901,4
8902,1
8903,4
8904,4
8905,1
8906,1
8907,7
8908,5
8909,8
8910,2
8911,2
8912,4
8913,8
8914,8
8915,5
8916,2
8917,9
8918,5
8919,2
8920,1
8921,0
8922,7
8923,8
8924,5
8925,5
8926,7
8927,7
8928,1
8929,4
8930,0
8931,6
8932,6
8933,7
8934,0
8935,0
8936,3
8937,6
8938,6
8939,6
8940,3
8941,0
8942,6
8943,1
8944,4
8945,7
8946,2
8947,8
8948,8
8949,2
8950,3
8951,9
8952,6
8953,4
8954,2
8955,2
8956,5
8957,3
8958,7
8959,9
8960,6
8961,2
8962,7
8963,3
8964,7
8965,2
8966,7
8967,3
8968,7
8969,0
8970,9
8971,9
8972,3
8973,1
8974,0
8975,6
8976,3
8977,7
8978,2
8979,1
8980,7
8981,0
8982,9
8983,5
8984,5
8985,6
8986,4
8987,7
8988,6
8989,9
8990,4
8991,5
8992,0
8993,8
8994,2
8995,7
8996,7
8997,9
8998,2
8999,0
9000,0
9001,3
9002,0
9003,5
9004,2
9005,4
9006,7
9007,4
9008,1
9009,7
9010,8
9011,4
9012,1
9013,6
9014,1
9015,7
9016,3
9017,0
9018,5
9019,1
9020,5
9021,6
9022,2
9023,5
9024,7
9025,2
9026,0
9027,3
9028,6
9029,9
9030,6
9031,0
9032,6
9033,7
9034,1
9035,7
9036,8
9037,7
9038,3
9039,5
9040,6
9041,4
9042,7
9043,2
9044,0
9045,1
9046,0
9047,3
9048,8
9049,4
9050,8
9051,7
9052,2
9053,4
9054,6
9055,7
9056,1
9057,1
9058,9
9059,4
9060,8
9061,2
9062,2
9063,9
9064,3
9065,3
9066,8
9067,5
9068,7
9069,7
9070,0
9071,0
9072,2
9073,1
9074,3
9075,8
9076,1
9077,5
9078,9
9079,6
9080,5
9081,6
9082,4
9083,0
9084,8
9085,0
9086,9
9087,5
9088,4
9089,7
9090,6
9091,2
9092,8
9093,7
9094,7
9095,2
9096,8
9097,1
9098,5
9099,9
9100,4
9101,5
9102,6
9103,5
9104,3
9105,5
9106,9
9107,1
9108,2
9109,2
9110,7
9111,6
9112,9
9113,7
9114,1
9115,1
9116,6
9117,9
9118,8
9119,2
9120,1
9121,6
9122,6
9123,1
9124,6
9125,7
9126,8
9127,5
9128,3
9129,3
9130,6
9131,3
9132,8
9133,9
9134,1
9135,6
9136,2
9137,6
9138,5
9139,4
9140,8
9141,4
9142,8
9143,4
9144,8
9145,0
9146,7
9147,3
9148,6
9149,8
9150,6
9151,7
9152,5
9153,1
9154,8
9155,4
9156,0
9157,1
9158,2
9159,2
9160,1
9161,3
9162,3
9163,0
9164,6
9165,6
9166,3
9167,0
9168,9
9169,1
9170,6
9171,0
9172,7
9173,4
9174,8
9175,1
9176,0
9177,6
9178,8
9179,8
9180,3
9181,0
9182,8
9183,6
9184,7
9185,0
9186,1
9187,2
9188,3
9189,7
9190,9
9191,4
9192,1
9193,2
9194,4
9195,9
9196,5
9197,0
9198,4
9199,0
9200,8
9201,1
9202,1
9203,8
9204,4
9205,7
9206,9
9207,6
9208,0
9209,0
9210,1
9211,3
9212,3
9213,5
9214,6
9215,8
9216,2
9217,9
9218,4
9219,3
9220,1
9221,1
9222,0
9223,6
9224,2
9225,8
9226,6
9227,9
9228,9
9229,4
9230,4
9231,9
9232,7
9233,9
9234,9
9235,1
9236,5
9237,0
9238,6
9239,1
9240,7
9241,2
9242,2
9243,6
9244,9
9245,6
9246,3
9247,2
9248,1
9249,8
9250,5
9251,3
9252,2
9253,1
9254,2
9255,9
9256,0
9257,9
9258,9
9259,9
9260,5
9261,0
9262,8
9263,2
9264,2
9265,4
9266,0
9267,1
9268,4
9269,5
9270,9
9271,2
9272,6
9273,2
9274,9
9275,9
9276,3
9277,4
9278,1
9279,3
9280,6
9281,6
9282,0
9283,0
9284,3
9285,0
9286,8
9287,3
9288,0
9289,7
9290,7
9291,4
9292,2
9293,4
9294,4
9295,0
9296,9
9297,6
9298,1
9299,4
9300,0
9301,5
9302,6
9303,0
9304,4
9305,5
9306,5
9307,9
9308,7
9309,1
9310,5
9311,8
9312,7
9313,5
9314,3
9315,2
9316,5
9317,1
9318,7
9319,9
9320,7
9321,6
9322,0
9323,8
9324,4
9325,7
9326,3
9327,8
9328,4
9329,6
9330,2
9331,1
9332,7
9333,9
9334,0
9335,8
9336,7
9337,8
9338,9
9339,4
9340,8
9341,4
9342,8
9343,6
9344,4
9345,3
9346,3
9347,9
9348,3
9349,7
9350,3
9351,5
9352,1
9353,7
9354,2
9355,8
9356,6
9357,9
9358,9
9359,1
9360,0
9361,4
9362,2
9363,9
9364,1
9365,0
9366,4
9367,5
9368,2
9369,6
9370,2
9371,6
9372,7
9373,5
9374,9
9375,6
9376,0
9377,3
9378,1
9379,7
9380,4
9381,4
9382,8
9383,1
9384,7
9385,0
9386,2
9387,4
9388,7
9389,0
9390,7
9391,5
9392,7
9393,4
9394,8
9395,2
9396,2
9397,2
9398,3
9399,5
9400,8
9401,8
9402,1
9403,9
9404,3
9405,9
9406,4
9407,7
9408,6
9409,5
9410,0
9411,3
9412,3
9413,7
9414,9
9415,3
9416,3
9417,3
9418,0
9419,2
9420,3
9421,5
9422,3
9423,6
9424,2
9425,8
9426,8
9427,1
9428,1
9429,5
9430,3
9431,7
9432,0
9433,4
9434,0
9435,3
9436,6
9437,5
9438,1
9439,0
9440,4
9441,5
9442,3
9443,3
9444,6
9445,1
9446,1
9447,5
9448,7
9449,5
9450,6
9451,1
9452,0
9453,0
9454,9
9455,4
9456,1
9457,1
9458,8
9459,1
9460,8
9461,4
9462,2
9463,9
9464,6
9465,9
9466,2
9467,2
9468,1
9469,4
9470,3
9471,7
9472,4
9473,5
9474,9
9475,3
9476,7
9477,2
9478,2
9479,1
9480,8
9481,2
9482,0
9483,9
9484,3
9485,0
9486,1
9487,2
9488,2
9489,5
9490,6
9491,7
9492,6
9493,0
9494,1
9495,5
9496,1
9497,9
9498,4
9499,9
9500,2
9501,9
9502,7
9503,3
9504,0
9505,0
9506,3
9507,7
9508,0
9509,2
9510,1
9511,6
9512,5
9513,6
9514,9
9515,6
9516,1
9517,0
9518,4
9519,5
9520,4
9521,3
9522,1
9523,7
9524,7
9525,1
9526,7
9527,3
9528,7
9529,4
9530,7
9531,6
9532,1
9533,0
9534,6
9535,8
9536,1
9537,7
9538,4
9539,0
9540,6
9541,0
9542,7
9543,1
9544,6
9545,8
9546,2
9547,7
9548,7
9549,7
9550,0
9551,6
9552,0
9553,3
9554,1
9555,8
9556,9
9557,7
9558,5
9559,1
9560,3
9561,9
9562,6
9563,4
9564,4
9565,0
9566,0
9567,4
9568,9
9569,5
9570,0
9571,1
9572,8
9573,4
9574,1
9575,2
9576,5
9577,7
9578,8
9579,4
9580,5
9581,3
9582,5
9583,7
9584,3
9585,9
9586,7
9587,1
9588,7
9589,3
9590,3
9591,8
9592,5
9593,3
9594,2
9595,6
9596,8
9597,9
9598,8
9599,5
9600,5
9601,8
9602,1
9603,4
9604,0
9605,1
9606,3
9607,7
9608,8
9609,1
9610,7
9611,3
9612,1
9613,8
9614,9
9615,7
9616,0
9617,4
9618,1
9619,9
9620,8
9621,7
9622,4
9623,2
9624,1
9625,7
9626,9
9627,7
9628,2
9629,3
9630,0
9631,5
9632,6
9633,5
9634,8
9635,1
9636,9
9637,9
9638,5
9639,3
9640,0
9641,3
9642,3
9643,4
9644,4
9645,1
9646,4
9647,0
9648,7
9649,0
9650,3
9651,2
9652,5
9653,9
9654,4
9655,1
9656,0
9657,7
9658,2
9659,3
9660,8
9661,9
9662,3
9663,0
9664,5
9665,1
9666,9
9667,9
9668,3
9669,4
9670,6
9671,0
9672,1
9673,2
9674,0
9675,2
9676,1
9677,0
9678,4
9679,6
9680,6
9681,3
9682,8
9683,1
9684,2
9685,5
9686,0
9687,0
9688,7
9689,0
9690,2
9691,5
9692,4
9693,7
9694,5
9695,5
9696,6
9697,6
9698,5
9699,9
9700,1
9701,6
9702,6
9703,2
9704,7
9705,0
9706,1
9707,9
9708,7
9709,4
9710,1
9711,6
9712,1
9713,3
9714,1
9715,7
9716,2
9717,3
9718,9
9719,3
9720,0
9721,4
9722,4
9723,1
9724,7
9725,3
9726,1
9727,7
9728,1
9729,2
9730,5
9731,4
9732,1
9733,7
9734,8
9735,1
9736,0
9737,4
9738,2
9739,3
9740,0
9741,8
9742,9
9743,0
9744,5
9745,2
9746,6
9747,0
9748,2
9749,5
9750,7
9751,0
9752,5
9753,9
9754,6
9755,9
9756,2
9757,4
9758,7
9759,6
9760,6
9761,6
9762,6
9763,2
9764,0
9765,9
9766,3
9767,2
9768,1
9769,0
9770,5
9771,2
9772,3
9773,4
9774,7
9775,6
9776,8
9777,5
9778,4
9779,5
9780,4
9781,1
9782,6
9783,6
9784,7
9785,3
9786,9
9787,5
9788,3
9789,2
9790,5
9791,7
9792,6
9793,3
9794,9
9795,3
9796,0
9797,5
9798,6
9799,2
9800,5
9801,7
9802,3
9803,5
9804,6
9805,1
9806,5
9807,2
9808,0
9809,2
9810,3
9811,3
9812,9
9813,1
9814,7
9815,6
9816,9
9817,2
9818,2
9819,8
9820,2
9821,1
9822,8
9823,8
9824,7
9825,4
9826,9
9827,8
9828,7
9829,1
9830,2
9831,5
9832,5
9833,8
9834,0
9835,9
9836,8
9837,9
9838,9
9839,1
9840,8
9841,1
9842,7
9843,2
9844,9
9845,6
9846,7
9847,9
9848,3
9849,2
9850,2
9851,7
9852,5
9853,4
9854,8
9855,0
9856,9
9857,2
9858,2
9859,7
9860,7
9861,6
9862,5
9863,7
9864,3
9865,5
9866,1
9867,3
9868,1
9869,6
9870,1
9871,6
9872,4
9873,4
9874,7
9875,9
9876,2
9877,6
9878,5
9879,5
9880,1
9881,3
9882,4
9883,2
9884,1
9885,5
9886,2
9887,7
9888,3
9889,8
9890,9
9891,7
9892,9
9893,0
9894,6
9895,2
9896,1
9897,2
9898,8
9899,9
9900,2
9901,7
9902,6
9903,6
9904,1
9905,7
9906,5
9907,0
9908,8
9909,1
9910,4
9911,2
9912,3
9913,2
9914,7
9915,0
9916,7
9917,3
9918,8
9919,1
9920,7
9921,3
9922,1
9923,8
9924,3
9925,3
9926,6
9927,0
9928,1
9929,7
9930,2
9931,1
9932,8
9933,8
9934,4
9935,1
9936,8
9937,0
9938,5
9939,3
9940,0
9941,6
9942,2
9943,4
9944,7
9945,9
9946,6
9947,3
9948,9
9949,1
9950,7
9951,2
9952,9
9953,6
9954,3
9955,0
9956,1
9957,8
9958,5
9959,4
9960,5
9961,9
9962,5
9963,5
9964,7
9965,8
9966,2
9967,1
9968,9
9969,2
9970,1
9971,0
9972,7
9973,0
9974,4
9975,5
9976,4
9977,7
9978,1
9979,2
9980,0
9981,5
9982,5
9983,8
9984,2
9985,6
9986,0
9987,9
9988,3
9989,5
9990,7
9991,5
9992,2
9993,7
9994,2
9995,9
9996,0
9997,1
9998,2
9999,2
10000,3
10001,2
10002,7
10003,6
10004,8
10005,3
10006,5
10007,1
10008,1
10009,1
10010,3
10011,3
10012,6
10013,8
10014,2
10015,9
10016,2
10017,2
10018,4
10019,9
10020,0
10021,7
10022,8
10023,9
10024,2
10025,0
10026,9
10027,2
10028,0
10029,3
10030,6
10031,2
10032,3
10033,3
10034,6
10035,1
10036,3
10037,9
10038,4
10039,2
10040,0
10041,2
10042,0
10043,0
10044,6
10045,2
10046,3
10047,4
10048,4
10049,5
10050,7
10051,9
10052,5
10053,3
10054,1
10055,7
10056,2
10057,6
10058,6
10059,2
10060,2
10061,7
10062,8
10063,4
10064,8
10065,6
10066,6
10067,4
10068,0
10069,4
10070,9
10071,9
10072,3
10073,4
10074,2
10075,6
10076,2
10077,4
10078,2
10079,0
10080,1
10081,2
10082,6
10083,7
10084,7
10085,8
10086,1
10087,2
10088,9
10089,6
10090,8
10091,9
10092,3
10093,7
10094,6
10095,5
10096,8
10097,5
10098,2
10099,6
10100,0
10101,5
10102,2
10103,3
10104,1
10105,1
10106,8
10107,7
10108,4
10109,9
10110,4
10111,4
10112,3
10113,4
10114,0
10115,3
10116,8
10117,6
10118,3
10119,1
10120,9
10121,9
10122,0
10123,6
10124,1
10125,4
10126,2
10127,3
10128,4
10129,5
10130,8
10131,1
10132,0
10133,2
10134,2
10135,4
10136,1
10137,0
10138,5
10139,3
10140,9
10141,8
10142,7
10143,3
10144,5
10145,0
10146,4
10147,9
10148,0
10149,3
10150,1
10151,6
10152,5
10153,1
10154,6
10155,3
10156,7
10157,2
10158,4
10159,5
10160,4
10161,6
10162,6
10163,5
10164,0
10165,0
10166,8
10167,6
10168,1
10169,7
10170,2
10171,8
10172,0
10173,0
10174,7
10175,1
10176,6
10177,8
10178,8
10179,9
10180,8
10181,3
10182,3
10183,1
10184,0
10185,3
10186,4
10187,5
10188,2
10189,3
10190,0
10191,2
10192,3
10193,3
10194,9
10195,8
10196,6
10197,7
10198,6
10199,9
10200,0
10201,5
10202,6
10203,4
10204,5
10205,2
10206,1
10207,4
10208,8
10209,3
10210,9
10211,7
10212,3
10213,4
10214,1
10215,7
10216,5
10217,6
10218,0
10219,5
10220,9
10221,0
10222,6
10223,7
10224,5
10225,5
10226,4
10227,6
10228,0
10229,1
10230,6
10231,1
10232,5
10233,2
10234,3
10235,0
10236,4
10237,0
10238,1
10239,9
10240,1
10241,0
10242,9
10243,1
10244,8
10245,0
10246,3
10247,8
10248,7
10249,8
10250,2
10251,3
10252,6
10253,1
10254,6
10255,6
10256,6
10257,6
10258,5
10259,9
10260,0
10261,9
10262,7
10263,7
10264,0
10265,3
10266,5
10267,3
10268,9
10269,6
10270,5
10271,9
10272,8
10273,7
10274,9
10275,1
10276,2
10277,6
10278,1
10279,5
10280,1
10281,2
10282,1
10283,7
10284,7
10285,2
10286,7
10287,8
10288,6
10289,8
10290,6
10291,4
10292,1
10293,6
10294,1
10295,3
10296,0
10297,8
10298,4
10299,5
10300,0
10301,6
10302,2
10303,9
10304,8
10305,2
10306,7
10307,7
10308,1
10309,1
10310,3
10311,7
10312,9
10313,2
10314,6
10315,1
10316,3
10317,5
10318,5
10319,5
10320,0
10321,8
10322,6
10323,1
10324,8
10325,3
10326,9
10327,8
10328,9
10329,4
10330,7
10331,3
10332,4
10333,2
10334,1
10335,1
10336,9
10337,6
10338,6
10339,5
10340,4
10341,9
10342,7
10343,0
10344,2
10345,6
10346,1
10347,0
10348,7
10349,5
10350,6
10351,7
10352,2
10353,7
10354,8
10355,7
10356,6
10357,4
10358,3
10359,2
10360,0
10361,0
10362,6
10363,7
10364,8
10365,7
10366,1
10367,7
10368,4
10369,4
10370,3
10371,3
10372,6
10373,6
10374,7
10375,2
10376,3
10377,6
10378,6
10379,4
10380,1
10381,6
10382,5
10383,7
10384,4
10385,6
10386,2
10387,9
10388,9
10389,4
10390,3
10391,8
10392,5
10393,5
10394,9
10395,4
10396,1
10397,0
10398,4
10399,6
10400,9
10401,9
10402,7
10403,2
10404,9
10405,7
10406,4
10407,2
10408,4
10409,9
10410,2
10411,3
10412,8
10413,9
10414,6
10415,6
10416,7
10417,4
10418,9
10419,8
10420,9
10421,3
10422,5
10423,0
10424,5
10425,9
10426,0
10427,5
10428,1
10429,2
10430,4
10431,2
10432,6
10433,8
10434,5
10435,5
10436,2
10437,1
10438,4
10439,4
10440,0
10441,7
10442,4
10443,7
10444,2
10445,1
10446,1
10447,1
10448,5
10449,1
10450,1
10451,2
10452,6
10453,2
10454,1
10455,6
10456,3
10457,1
10458,4
10459,5
10460,3
10461,2
10462,2
10463,0
10464,5
10465,2
10466,2
10467,5
10468,4
10469,0
10470,1
10471,2
10472,7
10473,6
10474,9
10475,6
10476,1
10477,1
10478,3
10479,4
10480,3
10481,4
10482,2
10483,1
10484,0
10485,1
10486,5
10487,2
10488,0
10489,4
10490,5
10491,2
10492,1
10493,6
10494,2
10495,1
10496,0
10497,1
10498,7
10499,4
10500,4
